[
  {
    "id": 1941365,
    "name": "Wolfgang von Turmstadt",
    "entry": "<p>Als Anführer der [organisation:7557764] hat Wolfgang alle Hände voll zu tun. Er gilt als ehrlich, nahbar und dem Volke zugewandt. <span style=\"background-color:transparent;font-size:11pt;font-family:Arial, sans-serif;color:rgb(0,0,0);\">Wolfgang will das Alte stürzen: Den Thron, den Orden des Konstantin, die alten Bünde. Er ruft zur </span><span style=\"background-color:transparent;font-size:11pt;font-family:Arial, sans-serif;color:rgb(0,0,0);font-weight:700;\">Amnestie für Magi</span><span style=\"background-color:transparent;font-size:11pt;font-family:Arial, sans-serif;color:rgb(0,0,0);\"> – sofern sie sich einer </span><span style=\"background-color:transparent;font-size:11pt;font-family:Arial, sans-serif;color:rgb(0,0,0);font-weight:700;\">herzöglichen Gilde</span><span style=\"background-color:transparent;font-size:11pt;font-family:Arial, sans-serif;color:rgb(0,0,0);\"> anschließen oder der </span><span style=\"background-color:transparent;font-size:11pt;font-family:Arial, sans-serif;color:rgb(0,0,0);font-weight:700;\">Einheitskirche</span><span style=\"background-color:transparent;font-size:11pt;font-family:Arial, sans-serif;color:rgb(0,0,0);\"> dienen. Die Einheit des Reiches soll nicht auf Blutlinien, sondern auf Gesetz, Glaube und Verstand fußen.</span></p><p><span style=\"background-color:transparent;font-size:11pt;font-family:Arial, sans-serif;color:rgb(0,0,0);\"><br></span></p><div><span style=\"background-color:transparent;font-size:11pt;font-family:Arial, sans-serif;color:rgb(0,0,0);\"><br></span></div>",
    "entry_parsed": "<p>Als Anführer der <a href=\"https://app.kanka.io/w/316191/entities/7557764\" class=\"entity-mention\" data-entity-tags=\"id-455247 thronanwarter\" data-entity-type=\"organisation\" data-toggle=\"tooltip-ajax\" data-id=\"7557764\" data-url=\"https://app.kanka.io/w/316191/entities/7557764/tooltip\">Die Liga des Turms</a>&nbsp;hat Wolfgang alle Hände voll zu tun. Er gilt als ehrlich, nahbar und dem Volke zugewandt.&nbsp;<span style=\"background-color:transparent;font-size:11pt;font-family:Arial, sans-serif;color:rgb(0,0,0);\">Wolfgang will das Alte stürzen: Den Thron, den Orden des Konstantin, die alten Bünde. Er ruft zur </span><span style=\"background-color:transparent;font-size:11pt;font-family:Arial, sans-serif;color:rgb(0,0,0);font-weight:700;\">Amnestie für Magi</span><span style=\"background-color:transparent;font-size:11pt;font-family:Arial, sans-serif;color:rgb(0,0,0);\"> – sofern sie sich einer </span><span style=\"background-color:transparent;font-size:11pt;font-family:Arial, sans-serif;color:rgb(0,0,0);font-weight:700;\">herzöglichen Gilde</span><span style=\"background-color:transparent;font-size:11pt;font-family:Arial, sans-serif;color:rgb(0,0,0);\"> anschließen oder der </span><span style=\"background-color:transparent;font-size:11pt;font-family:Arial, sans-serif;color:rgb(0,0,0);font-weight:700;\">Einheitskirche</span><span style=\"background-color:transparent;font-size:11pt;font-family:Arial, sans-serif;color:rgb(0,0,0);\"> dienen. Die Einheit des Reiches soll nicht auf Blutlinien, sondern auf Gesetz, Glaube und Verstand fußen.</span></p><p><span style=\"background-color:transparent;font-size:11pt;font-family:Arial, sans-serif;color:rgb(0,0,0);\"><br></span></p><div><span style=\"background-color:transparent;font-size:11pt;font-family:Arial, sans-serif;color:rgb(0,0,0);\"><br></span></div>",
    "tooltip": null,
    "type": "Primärer Charakter",
    "image": null,
    "focus_x": null,
    "focus_y": null,
    "image_full": "https://d3a4xjr8r2ldhu.cloudfront.net/campaigns/316191/9eb618b4-9da5-4b91-b06f-578cabe09dad.png",
    "image_thumb": "https://th.kanka.io/LWgMHORjPzD5v-ZRqZyUApxUt9k=/40x40/smart/src/campaigns/316191/9eb618b4-9da5-4b91-b06f-578cabe09dad.png",
    "has_custom_image": true,
    "image_uuid": "9eb618b4-9da5-4b91-b06f-578cabe09dad",
    "header_full": null,
    "header_uuid": null,
    "has_custom_header": false,
    "is_private": false,
    "is_template": false,
    "is_attributes_private": false,
    "entity_id": 7557716,
    "tags": [],
    "created_at": "2025-04-18T15:37:00.000000Z",
    "created_by": 317644,
    "updated_at": "2025-05-24T18:00:45.000000Z",
    "updated_by": 317644,
    "urls": {
      "view": "https://app.kanka.io/w/316191/entities/7557716",
      "api": "https://api.kanka.io/1.0/campaigns/316191/characters/1941365"
    },
    "location_id": 1702909,
    "title": "Großherzog von Turmstadt",
    "age": "23",
    "sex": "Männlich",
    "pronouns": "Er/ihn",
    "races": [
      800778
    ],
    "private_races": [],
    "families": [
      205381
    ],
    "private_families": [],
    "is_dead": false,
    "traits": [],
    "is_personality_visible": true,
    "is_personality_pinned": false,
    "is_appearance_pinned": false
  },
  {
    "id": 1941366,
    "name": "Martha von Rehforst",
    "entry": null,
    "entry_parsed": null,
    "tooltip": null,
    "type": "Primärer Charakter",
    "image": null,
    "focus_x": null,
    "focus_y": null,
    "image_full": "https://d3a4xjr8r2ldhu.cloudfront.net/campaigns/316191/9eb61205-e263-4b16-8e83-f3322478f000.png",
    "image_thumb": "https://th.kanka.io/hazoJO_xghbQ3mHqsy_0hlvJS04=/40x40/smart/src/campaigns/316191/9eb61205-e263-4b16-8e83-f3322478f000.png",
    "has_custom_image": true,
    "image_uuid": "9eb61205-e263-4b16-8e83-f3322478f000",
    "header_full": null,
    "header_uuid": null,
    "has_custom_header": false,
    "is_private": false,
    "is_template": false,
    "is_attributes_private": false,
    "entity_id": 7557718,
    "tags": [],
    "created_at": "2025-04-18T15:37:53.000000Z",
    "created_by": 317644,
    "updated_at": "2025-04-19T07:37:21.000000Z",
    "updated_by": 317644,
    "urls": {
      "view": "https://app.kanka.io/w/316191/entities/7557718",
      "api": "https://api.kanka.io/1.0/campaigns/316191/characters/1941366"
    },
    "location_id": 1702905,
    "title": "Königin von Caldria",
    "age": "13",
    "sex": "Weiblich",
    "pronouns": "Sie/ihr",
    "races": [
      800778
    ],
    "private_races": [],
    "families": [
      205377
    ],
    "private_families": [],
    "is_dead": false,
    "traits": [],
    "is_personality_visible": true,
    "is_personality_pinned": false,
    "is_appearance_pinned": false
  },
  {
    "id": 1941371,
    "name": "Wieland von Caldria",
    "entry": null,
    "entry_parsed": null,
    "tooltip": null,
    "type": "Primärer Charakter",
    "image": null,
    "focus_x": null,
    "focus_y": null,
    "image_full": "https://d3a4xjr8r2ldhu.cloudfront.net/campaigns/316191/9eb614db-01dc-4f21-a160-82a15d34ded3.png",
    "image_thumb": "https://th.kanka.io/JFDFlcc3WvUuGj6um50Oy4_Qx9M=/40x40/smart/src/campaigns/316191/9eb614db-01dc-4f21-a160-82a15d34ded3.png",
    "has_custom_image": true,
    "image_uuid": "9eb614db-01dc-4f21-a160-82a15d34ded3",
    "header_full": null,
    "header_uuid": null,
    "has_custom_header": false,
    "is_private": false,
    "is_template": false,
    "is_attributes_private": false,
    "entity_id": 7557728,
    "tags": [],
    "created_at": "2025-04-18T15:38:43.000000Z",
    "created_by": 317644,
    "updated_at": "2025-05-03T11:55:01.000000Z",
    "updated_by": 317644,
    "urls": {
      "view": "https://app.kanka.io/w/316191/entities/7557728",
      "api": "https://api.kanka.io/1.0/campaigns/316191/characters/1941371"
    },
    "location_id": 1702906,
    "title": "König von Caldria",
    "age": "35",
    "sex": "Männlich",
    "pronouns": null,
    "races": [
      800778
    ],
    "private_races": [],
    "families": [
      205382
    ],
    "private_families": [],
    "is_dead": false,
    "traits": [],
    "is_personality_visible": true,
    "is_personality_pinned": false,
    "is_appearance_pinned": false
  },
  {
    "id": 1941372,
    "name": "Khana Sarantuya",
    "entry": null,
    "entry_parsed": null,
    "tooltip": null,
    "type": "Primärer Charakter",
    "image": null,
    "focus_x": null,
    "focus_y": null,
    "image_full": "",
    "image_thumb": "https://d3a4xjr8r2ldhu.cloudfront.net/images/defaults/thumbnail.jpg",
    "has_custom_image": false,
    "image_uuid": null,
    "header_full": null,
    "header_uuid": null,
    "has_custom_header": false,
    "is_private": false,
    "is_template": false,
    "is_attributes_private": false,
    "entity_id": 7557733,
    "tags": [],
    "created_at": "2025-04-18T15:39:30.000000Z",
    "created_by": 317644,
    "updated_at": "2025-04-18T15:39:30.000000Z",
    "updated_by": null,
    "urls": {
      "view": "https://app.kanka.io/w/316191/entities/7557733",
      "api": "https://api.kanka.io/1.0/campaigns/316191/characters/1941372"
    },
    "location_id": 1702912,
    "title": "Khana der Steppe, Anführerin der Todj",
    "age": "25",
    "sex": "Weiblich",
    "pronouns": null,
    "races": [],
    "private_races": [],
    "families": [],
    "private_families": [],
    "is_dead": false,
    "traits": [],
    "is_personality_visible": true,
    "is_personality_pinned": false,
    "is_appearance_pinned": false
  },
  {
    "id": 1941374,
    "name": "Roman von Octodoro",
    "entry": null,
    "entry_parsed": null,
    "tooltip": null,
    "type": "Primärer Charakter",
    "image": null,
    "focus_x": null,
    "focus_y": null,
    "image_full": "",
    "image_thumb": "https://d3a4xjr8r2ldhu.cloudfront.net/images/defaults/thumbnail.jpg",
    "has_custom_image": false,
    "image_uuid": null,
    "header_full": null,
    "header_uuid": null,
    "has_custom_header": false,
    "is_private": false,
    "is_template": false,
    "is_attributes_private": false,
    "entity_id": 7557736,
    "tags": [],
    "created_at": "2025-04-18T15:40:09.000000Z",
    "created_by": 317644,
    "updated_at": "2025-04-18T15:53:02.000000Z",
    "updated_by": 317644,
    "urls": {
      "view": "https://app.kanka.io/w/316191/entities/7557736",
      "api": "https://api.kanka.io/1.0/campaigns/316191/characters/1941374"
    },
    "location_id": 1702905,
    "title": "Magus",
    "age": "50",
    "sex": "Männlich",
    "pronouns": null,
    "races": [],
    "private_races": [],
    "families": [],
    "private_families": [],
    "is_dead": false,
    "traits": [],
    "is_personality_visible": true,
    "is_personality_pinned": false,
    "is_appearance_pinned": false
  },
  {
    "id": 1956291,
    "name": "Gromaz \"Grom\" Cruddle",
    "entry": null,
    "entry_parsed": null,
    "tooltip": null,
    "type": "Spielercharakter",
    "image": null,
    "focus_x": null,
    "focus_y": null,
    "image_full": "https://d3a4xjr8r2ldhu.cloudfront.net/campaigns/316191/9ed2a8a8-3456-4a95-8c3d-49b2e9feb57c.jpg",
    "image_thumb": "https://th.kanka.io/PhdqRzh5LSY4HG5Vclhzj-ROt9E=/40x40/smart/src/campaigns/316191/9ed2a8a8-3456-4a95-8c3d-49b2e9feb57c.jpg",
    "has_custom_image": true,
    "image_uuid": "9ed2a8a8-3456-4a95-8c3d-49b2e9feb57c",
    "header_full": null,
    "header_uuid": null,
    "has_custom_header": false,
    "is_private": false,
    "is_template": false,
    "is_attributes_private": false,
    "entity_id": 7613011,
    "tags": [
      458136
    ],
    "created_at": "2025-05-03T12:41:44.000000Z",
    "created_by": 317644,
    "updated_at": "2025-05-03T12:42:11.000000Z",
    "updated_by": 317644,
    "urls": {
      "view": "https://app.kanka.io/w/316191/entities/7613011",
      "api": "https://api.kanka.io/1.0/campaigns/316191/characters/1956291"
    },
    "location_id": null,
    "title": null,
    "age": null,
    "sex": "Männlich",
    "pronouns": "Er/ihn",
    "races": [
      800788
    ],
    "private_races": [],
    "families": [],
    "private_families": [],
    "is_dead": false,
    "traits": [],
    "is_personality_visible": false,
    "is_personality_pinned": false,
    "is_appearance_pinned": false
  },
  {
    "id": 1956292,
    "name": "Malina",
    "entry": null,
    "entry_parsed": null,
    "tooltip": null,
    "type": "Spielercharakter",
    "image": null,
    "focus_x": null,
    "focus_y": null,
    "image_full": "https://d3a4xjr8r2ldhu.cloudfront.net/campaigns/316191/9ee2467f-357f-4091-97cf-12cdba3811ff.jpg",
    "image_thumb": "https://th.kanka.io/ltekRg1RppCFK_DdHBGipiGeN1w=/40x40/smart/src/campaigns/316191/9ee2467f-357f-4091-97cf-12cdba3811ff.jpg",
    "has_custom_image": true,
    "image_uuid": "9ee2467f-357f-4091-97cf-12cdba3811ff",
    "header_full": null,
    "header_uuid": null,
    "has_custom_header": false,
    "is_private": false,
    "is_template": false,
    "is_attributes_private": false,
    "entity_id": 7613016,
    "tags": [
      458136
    ],
    "created_at": "2025-05-03T12:44:02.000000Z",
    "created_by": 317644,
    "updated_at": "2025-05-11T07:00:30.000000Z",
    "updated_by": 317644,
    "urls": {
      "view": "https://app.kanka.io/w/316191/entities/7613016",
      "api": "https://api.kanka.io/1.0/campaigns/316191/characters/1956292"
    },
    "location_id": null,
    "title": null,
    "age": "20",
    "sex": "Weiblich",
    "pronouns": "Sie/ihr",
    "races": [
      800786
    ],
    "private_races": [],
    "families": [],
    "private_families": [],
    "is_dead": false,
    "traits": [],
    "is_personality_visible": false,
    "is_personality_pinned": false,
    "is_appearance_pinned": false
  },
  {
    "id": 1970480,
    "name": "Soraya Hidalgo",
    "entry": null,
    "entry_parsed": null,
    "tooltip": null,
    "type": "Primärer Charakter",
    "image": null,
    "focus_x": null,
    "focus_y": null,
    "image_full": "https://d3a4xjr8r2ldhu.cloudfront.net/campaigns/316191/9eecd932-7c55-4798-aef8-eb4be938fe36.png",
    "image_thumb": "https://th.kanka.io/s1HkZJOAnGcLUFtkLCOIqhKr7Io=/40x40/smart/src/campaigns/316191/9eecd932-7c55-4798-aef8-eb4be938fe36.png",
    "has_custom_image": true,
    "image_uuid": "9eecd932-7c55-4798-aef8-eb4be938fe36",
    "header_full": null,
    "header_uuid": null,
    "has_custom_header": false,
    "is_private": false,
    "is_template": false,
    "is_attributes_private": false,
    "entity_id": 7660846,
    "tags": [
      458094
    ],
    "created_at": "2025-05-16T10:10:38.000000Z",
    "created_by": 317644,
    "updated_at": "2025-05-16T14:49:10.000000Z",
    "updated_by": 317644,
    "urls": {
      "view": "https://app.kanka.io/w/316191/entities/7660846",
      "api": "https://api.kanka.io/1.0/campaigns/316191/characters/1970480"
    },
    "location_id": 1702914,
    "title": "Capitana",
    "age": "30",
    "sex": "Weiblich",
    "pronouns": null,
    "races": [
      800786
    ],
    "private_races": [],
    "families": [],
    "private_families": [],
    "is_dead": false,
    "traits": [],
    "is_personality_visible": true,
    "is_personality_pinned": false,
    "is_appearance_pinned": false
  },
  {
    "id": 1976760,
    "name": "Akira",
    "entry": null,
    "entry_parsed": null,
    "tooltip": null,
    "type": "Spielercharakter",
    "image": null,
    "focus_x": null,
    "focus_y": null,
    "image_full": "https://d3a4xjr8r2ldhu.cloudfront.net/campaigns/316191/9efa9e02-16ec-418d-a905-5771eee8817c.png",
    "image_thumb": "https://th.kanka.io/C4ECJixfY5yn-iTvZb_Wpgt0JzM=/40x40/smart/src/campaigns/316191/9efa9e02-16ec-418d-a905-5771eee8817c.png",
    "has_custom_image": true,
    "image_uuid": "9efa9e02-16ec-418d-a905-5771eee8817c",
    "header_full": null,
    "header_uuid": null,
    "has_custom_header": false,
    "is_private": false,
    "is_template": false,
    "is_attributes_private": false,
    "entity_id": 7682792,
    "tags": [],
    "created_at": "2025-05-23T09:17:57.000000Z",
    "created_by": 317644,
    "updated_at": "2025-05-23T09:25:00.000000Z",
    "updated_by": 317644,
    "urls": {
      "view": "https://app.kanka.io/w/316191/entities/7682792",
      "api": "https://api.kanka.io/1.0/campaigns/316191/characters/1976760"
    },
    "location_id": null,
    "title": null,
    "age": null,
    "sex": "Weiblich",
    "pronouns": null,
    "races": [
      800781
    ],
    "private_races": [],
    "families": [],
    "private_families": [],
    "is_dead": false,
    "traits": [],
    "is_personality_visible": true,
    "is_personality_pinned": false,
    "is_appearance_pinned": false
  },
  {
    "id": 1976761,
    "name": "Yoru",
    "entry": null,
    "entry_parsed": null,
    "tooltip": null,
    "type": "Spielercharakter",
    "image": null,
    "focus_x": null,
    "focus_y": null,
    "image_full": "https://d3a4xjr8r2ldhu.cloudfront.net/campaigns/316191/9efa9e35-08b7-463c-a92c-482964874529.jpg",
    "image_thumb": "https://th.kanka.io/iyIZMcbUSge-o4Yq89q1q0HO0yU=/40x40/smart/src/campaigns/316191/9efa9e35-08b7-463c-a92c-482964874529.jpg",
    "has_custom_image": true,
    "image_uuid": "9efa9e35-08b7-463c-a92c-482964874529",
    "header_full": null,
    "header_uuid": null,
    "has_custom_header": false,
    "is_private": false,
    "is_template": false,
    "is_attributes_private": false,
    "entity_id": 7682793,
    "tags": [],
    "created_at": "2025-05-23T09:18:26.000000Z",
    "created_by": 317644,
    "updated_at": "2025-05-23T09:25:35.000000Z",
    "updated_by": 317644,
    "urls": {
      "view": "https://app.kanka.io/w/316191/entities/7682793",
      "api": "https://api.kanka.io/1.0/campaigns/316191/characters/1976761"
    },
    "location_id": null,
    "title": null,
    "age": null,
    "sex": "Männlich",
    "pronouns": null,
    "races": [
      800786
    ],
    "private_races": [],
    "families": [],
    "private_families": [],
    "is_dead": false,
    "traits": [],
    "is_personality_visible": true,
    "is_personality_pinned": false,
    "is_appearance_pinned": false
  },
  {
    "id": 1976763,
    "name": "Lexa",
    "entry": null,
    "entry_parsed": null,
    "tooltip": null,
    "type": "Spielercharakter",
    "image": null,
    "focus_x": null,
    "focus_y": null,
    "image_full": "https://d3a4xjr8r2ldhu.cloudfront.net/campaigns/316191/9efa9e1e-b583-4252-803d-c30d3a004d83.png",
    "image_thumb": "https://th.kanka.io/eY6tp4NCpir75nDpJq-lKoGGCI0=/40x40/smart/src/campaigns/316191/9efa9e1e-b583-4252-803d-c30d3a004d83.png",
    "has_custom_image": true,
    "image_uuid": "9efa9e1e-b583-4252-803d-c30d3a004d83",
    "header_full": null,
    "header_uuid": null,
    "has_custom_header": false,
    "is_private": false,
    "is_template": false,
    "is_attributes_private": false,
    "entity_id": 7682795,
    "tags": [],
    "created_at": "2025-05-23T09:18:44.000000Z",
    "created_by": 317644,
    "updated_at": "2025-05-23T09:25:19.000000Z",
    "updated_by": 317644,
    "urls": {
      "view": "https://app.kanka.io/w/316191/entities/7682795",
      "api": "https://api.kanka.io/1.0/campaigns/316191/characters/1976763"
    },
    "location_id": null,
    "title": null,
    "age": null,
    "sex": "Weiblich",
    "pronouns": null,
    "races": [
      800786
    ],
    "private_races": [],
    "families": [],
    "private_families": [],
    "is_dead": false,
    "traits": [],
    "is_personality_visible": true,
    "is_personality_pinned": false,
    "is_appearance_pinned": false
  },
  {
    "id": 1976764,
    "name": "Nagisa Ishikawa Isonade",
    "entry": null,
    "entry_parsed": null,
    "tooltip": null,
    "type": "Spielercharakter",
    "image": null,
    "focus_x": null,
    "focus_y": null,
    "image_full": "https://d3a4xjr8r2ldhu.cloudfront.net/campaigns/316191/9efa9d72-aeb6-4721-91dc-fa320be8c47a.jpg",
    "image_thumb": "https://th.kanka.io/rbCl-A2XN8tg40TJsepvkmjVm-c=/40x40/smart/src/campaigns/316191/9efa9d72-aeb6-4721-91dc-fa320be8c47a.jpg",
    "has_custom_image": true,
    "image_uuid": "9efa9d72-aeb6-4721-91dc-fa320be8c47a",
    "header_full": null,
    "header_uuid": null,
    "has_custom_header": false,
    "is_private": false,
    "is_template": false,
    "is_attributes_private": false,
    "entity_id": 7682797,
    "tags": [],
    "created_at": "2025-05-23T09:19:07.000000Z",
    "created_by": 317644,
    "updated_at": "2025-05-23T09:23:29.000000Z",
    "updated_by": 317644,
    "urls": {
      "view": "https://app.kanka.io/w/316191/entities/7682797",
      "api": "https://api.kanka.io/1.0/campaigns/316191/characters/1976764"
    },
    "location_id": null,
    "title": null,
    "age": null,
    "sex": "Weiblich",
    "pronouns": null,
    "races": [
      800781
    ],
    "private_races": [],
    "families": [
      208968
    ],
    "private_families": [],
    "is_dead": false,
    "traits": [],
    "is_personality_visible": true,
    "is_personality_pinned": false,
    "is_appearance_pinned": false
  },
  {
    "id": 1976765,
    "name": "Akeno Sawa Isonade",
    "entry": null,
    "entry_parsed": null,
    "tooltip": null,
    "type": "Spielercharakter",
    "image": null,
    "focus_x": null,
    "focus_y": null,
    "image_full": "https://d3a4xjr8r2ldhu.cloudfront.net/campaigns/316191/9efa9dbb-ed82-4a25-b44c-6468910011fe.jpg",
    "image_thumb": "https://th.kanka.io/1AdC56imax8L9lpAWHVY6uxxT0w=/40x40/smart/src/campaigns/316191/9efa9dbb-ed82-4a25-b44c-6468910011fe.jpg",
    "has_custom_image": true,
    "image_uuid": "9efa9dbb-ed82-4a25-b44c-6468910011fe",
    "header_full": null,
    "header_uuid": null,
    "has_custom_header": false,
    "is_private": false,
    "is_template": false,
    "is_attributes_private": false,
    "entity_id": 7682801,
    "tags": [],
    "created_at": "2025-05-23T09:20:15.000000Z",
    "created_by": 317644,
    "updated_at": "2025-05-23T09:24:16.000000Z",
    "updated_by": 317644,
    "urls": {
      "view": "https://app.kanka.io/w/316191/entities/7682801",
      "api": "https://api.kanka.io/1.0/campaigns/316191/characters/1976765"
    },
    "location_id": null,
    "title": null,
    "age": null,
    "sex": "Männlich",
    "pronouns": null,
    "races": [
      800781
    ],
    "private_races": [],
    "families": [
      208968
    ],
    "private_families": [],
    "is_dead": false,
    "traits": [],
    "is_personality_visible": true,
    "is_personality_pinned": false,
    "is_appearance_pinned": false
  },
  {
    "id": 1976766,
    "name": "Konrad Fuchs",
    "entry": null,
    "entry_parsed": null,
    "tooltip": null,
    "type": "Spielercharakter",
    "image": null,
    "focus_x": null,
    "focus_y": null,
    "image_full": "",
    "image_thumb": "https://d3a4xjr8r2ldhu.cloudfront.net/images/defaults/thumbnail.jpg",
    "has_custom_image": false,
    "image_uuid": null,
    "header_full": null,
    "header_uuid": null,
    "has_custom_header": false,
    "is_private": false,
    "is_template": false,
    "is_attributes_private": false,
    "entity_id": 7682802,
    "tags": [],
    "created_at": "2025-05-23T09:20:54.000000Z",
    "created_by": 317644,
    "updated_at": "2025-05-23T09:20:54.000000Z",
    "updated_by": null,
    "urls": {
      "view": "https://app.kanka.io/w/316191/entities/7682802",
      "api": "https://api.kanka.io/1.0/campaigns/316191/characters/1976766"
    },
    "location_id": null,
    "title": null,
    "age": null,
    "sex": "Männlich",
    "pronouns": null,
    "races": [
      800778
    ],
    "private_races": [],
    "families": [],
    "private_families": [],
    "is_dead": false,
    "traits": [],
    "is_personality_visible": true,
    "is_personality_pinned": false,
    "is_appearance_pinned": false
  },
  {
    "id": 1976794,
    "name": "Sebastian Schreiber",
    "entry": null,
    "entry_parsed": null,
    "tooltip": null,
    "type": "Sekundärer Charakter",
    "image": null,
    "focus_x": null,
    "focus_y": null,
    "image_full": "",
    "image_thumb": "https://d3a4xjr8r2ldhu.cloudfront.net/images/defaults/thumbnail.jpg",
    "has_custom_image": false,
    "image_uuid": null,
    "header_full": null,
    "header_uuid": null,
    "has_custom_header": false,
    "is_private": false,
    "is_template": false,
    "is_attributes_private": false,
    "entity_id": 7682903,
    "tags": [],
    "created_at": "2025-05-23T10:15:05.000000Z",
    "created_by": 317644,
    "updated_at": "2025-05-23T10:15:05.000000Z",
    "updated_by": null,
    "urls": {
      "view": "https://app.kanka.io/w/316191/entities/7682903",
      "api": "https://api.kanka.io/1.0/campaigns/316191/characters/1976794"
    },
    "location_id": 1702909,
    "title": "Seneschal der Silberkordel zu Antorin",
    "age": "48",
    "sex": "Männlich",
    "pronouns": null,
    "races": [
      800778
    ],
    "private_races": [],
    "families": [],
    "private_families": [],
    "is_dead": false,
    "traits": [],
    "is_personality_visible": true,
    "is_personality_pinned": false,
    "is_appearance_pinned": false
  },
  {
    "id": 1978839,
    "name": "Andrus",
    "entry": null,
    "entry_parsed": null,
    "tooltip": null,
    "type": "Spielercharakter",
    "image": null,
    "focus_x": null,
    "focus_y": null,
    "image_full": "https://d3a4xjr8r2ldhu.cloudfront.net/campaigns/316191/9eff11e4-cff2-4870-b423-b4eea5f38773.png",
    "image_thumb": "https://th.kanka.io/4A2o7OQmNLx-83_b957wryY2o1Y=/40x40/smart/src/campaigns/316191/9eff11e4-cff2-4870-b423-b4eea5f38773.png",
    "has_custom_image": true,
    "image_uuid": "9eff11e4-cff2-4870-b423-b4eea5f38773",
    "header_full": null,
    "header_uuid": null,
    "has_custom_header": false,
    "is_private": false,
    "is_template": false,
    "is_attributes_private": false,
    "entity_id": 7691146,
    "tags": [],
    "created_at": "2025-05-25T14:32:06.000000Z",
    "created_by": 317644,
    "updated_at": "2025-05-25T14:32:27.000000Z",
    "updated_by": 317644,
    "urls": {
      "view": "https://app.kanka.io/w/316191/entities/7691146",
      "api": "https://api.kanka.io/1.0/campaigns/316191/characters/1978839"
    },
    "location_id": null,
    "title": null,
    "age": "30",
    "sex": "Männlich",
    "pronouns": "er/ihn",
    "races": [
      800786,
      800782
    ],
    "private_races": [],
    "families": [],
    "private_families": [],
    "is_dead": false,
    "traits": [],
    "is_personality_visible": true,
    "is_personality_pinned": false,
    "is_appearance_pinned": false
  }
]