[
  {
    "id": 185135,
    "name": "Tag der Einsicht",
    "entry": "<p>Gedenken an Zanja</p>",
    "entry_parsed": "<p>Gedenken an Zanja</p>",
    "tooltip": null,
    "type": "Feiertag",
    "image": null,
    "focus_x": null,
    "focus_y": null,
    "image_full": "",
    "image_thumb": "https://d3a4xjr8r2ldhu.cloudfront.net/images/defaults/thumbnail.jpg",
    "has_custom_image": false,
    "image_uuid": null,
    "header_full": null,
    "header_uuid": null,
    "has_custom_header": false,
    "is_private": false,
    "is_template": false,
    "is_attributes_private": false,
    "entity_id": 7558183,
    "tags": [],
    "created_at": "2025-04-18T18:38:50.000000Z",
    "created_by": 317644,
    "updated_at": "2025-04-19T06:29:57.000000Z",
    "updated_by": 317644,
    "urls": {
      "view": "https://app.kanka.io/w/316191/entities/7558183",
      "api": "https://api.kanka.io/1.0/campaigns/316191/events/185135"
    },
    "location_id": null,
    "event_id": null,
    "date": null,
    "calendar_id": 27667,
    "calendar_year": 1,
    "calendar_month": 1,
    "calendar_day": 15
  },
  {
    "id": 185191,
    "name": "Tag der Geburt",
    "entry": "<p>Gedenken an das Leid und den Segen verbunden mit der Geburt eines Kindes. </p>",
    "entry_parsed": "<p>Gedenken an das Leid und den Segen verbunden mit der Geburt eines Kindes.&nbsp;</p>",
    "tooltip": null,
    "type": "Feiertag",
    "image": null,
    "focus_x": null,
    "focus_y": null,
    "image_full": "",
    "image_thumb": "https://d3a4xjr8r2ldhu.cloudfront.net/images/defaults/thumbnail.jpg",
    "has_custom_image": false,
    "image_uuid": null,
    "header_full": null,
    "header_uuid": null,
    "has_custom_header": false,
    "is_private": false,
    "is_template": false,
    "is_attributes_private": false,
    "entity_id": 7559741,
    "tags": [],
    "created_at": "2025-04-19T06:26:08.000000Z",
    "created_by": 317644,
    "updated_at": "2025-04-19T06:31:36.000000Z",
    "updated_by": 317644,
    "urls": {
      "view": "https://app.kanka.io/w/316191/entities/7559741",
      "api": "https://api.kanka.io/1.0/campaigns/316191/events/185191"
    },
    "location_id": null,
    "event_id": null,
    "date": null,
    "calendar_id": 27667,
    "calendar_year": 1,
    "calendar_month": 2,
    "calendar_day": 23
  },
  {
    "id": 185192,
    "name": "Maskenwoche",
    "entry": "<p>Die Woche zur Vertreibung böser Geister. Kulturelle Unterschiede finden im gesamten Reich statt. Von tief-religiöser Auslegung bis hin zur Ausrede für Trunkenheit und Festivitäten findet man in Caldria jede Ausprägung der Maskenwoche. </p>",
    "entry_parsed": "<p>Die Woche zur Vertreibung böser Geister. Kulturelle Unterschiede finden im gesamten Reich statt. Von tief-religiöser Auslegung bis hin zur Ausrede für Trunkenheit und Festivitäten findet man in Caldria jede Ausprägung der Maskenwoche.&nbsp;</p>",
    "tooltip": null,
    "type": "Feiertag",
    "image": null,
    "focus_x": null,
    "focus_y": null,
    "image_full": "",
    "image_thumb": "https://d3a4xjr8r2ldhu.cloudfront.net/images/defaults/thumbnail.jpg",
    "has_custom_image": false,
    "image_uuid": null,
    "header_full": null,
    "header_uuid": null,
    "has_custom_header": false,
    "is_private": false,
    "is_template": false,
    "is_attributes_private": false,
    "entity_id": 7559746,
    "tags": [],
    "created_at": "2025-04-19T06:29:27.000000Z",
    "created_by": 317644,
    "updated_at": "2025-04-19T06:31:54.000000Z",
    "updated_by": 317644,
    "urls": {
      "view": "https://app.kanka.io/w/316191/entities/7559746",
      "api": "https://api.kanka.io/1.0/campaigns/316191/events/185192"
    },
    "location_id": null,
    "event_id": null,
    "date": null,
    "calendar_id": 27667,
    "calendar_year": 1,
    "calendar_month": 3,
    "calendar_day": 4
  },
  {
    "id": 185193,
    "name": "Tag des Adels",
    "entry": "<p>Ein Tag zu Ehren der göttlichen Ordnung. Eröffnet die offizielle Turnier-Saison. </p>",
    "entry_parsed": "<p>Ein Tag zu Ehren der göttlichen Ordnung. Eröffnet die offizielle Turnier-Saison.&nbsp;</p>",
    "tooltip": null,
    "type": "Feiertag",
    "image": null,
    "focus_x": null,
    "focus_y": null,
    "image_full": "",
    "image_thumb": "https://d3a4xjr8r2ldhu.cloudfront.net/images/defaults/thumbnail.jpg",
    "has_custom_image": false,
    "image_uuid": null,
    "header_full": null,
    "header_uuid": null,
    "has_custom_header": false,
    "is_private": false,
    "is_template": false,
    "is_attributes_private": false,
    "entity_id": 7559749,
    "tags": [],
    "created_at": "2025-04-19T06:31:25.000000Z",
    "created_by": 317644,
    "updated_at": "2025-04-19T06:31:25.000000Z",
    "updated_by": null,
    "urls": {
      "view": "https://app.kanka.io/w/316191/entities/7559749",
      "api": "https://api.kanka.io/1.0/campaigns/316191/events/185193"
    },
    "location_id": null,
    "event_id": null,
    "date": null,
    "calendar_id": 27667,
    "calendar_year": 1,
    "calendar_month": 4,
    "calendar_day": 11
  },
  {
    "id": 185194,
    "name": "Reichsspiele",
    "entry": "<p>Das königliche Turnier in der Hauptstadt des Reiches. Obwohl es offizielle nur wenige Tage dauert finden sich Händler, Schausteller und mehr in der Woche zuvor und der Woche danach auf den Turnierfeldern wieder. </p>",
    "entry_parsed": "<p>Das königliche Turnier in der Hauptstadt des Reiches. Obwohl es offizielle nur wenige Tage dauert finden sich Händler, Schausteller und mehr in der Woche zuvor und der Woche danach auf den Turnierfeldern wieder.&nbsp;</p>",
    "tooltip": null,
    "type": "Feiertag",
    "image": null,
    "focus_x": null,
    "focus_y": null,
    "image_full": "",
    "image_thumb": "https://d3a4xjr8r2ldhu.cloudfront.net/images/defaults/thumbnail.jpg",
    "has_custom_image": false,
    "image_uuid": null,
    "header_full": null,
    "header_uuid": null,
    "has_custom_header": false,
    "is_private": false,
    "is_template": false,
    "is_attributes_private": false,
    "entity_id": 7559756,
    "tags": [],
    "created_at": "2025-04-19T06:33:40.000000Z",
    "created_by": 317644,
    "updated_at": "2025-05-16T10:16:47.000000Z",
    "updated_by": 317644,
    "urls": {
      "view": "https://app.kanka.io/w/316191/entities/7559756",
      "api": "https://api.kanka.io/1.0/campaigns/316191/events/185194"
    },
    "location_id": null,
    "event_id": null,
    "date": null,
    "calendar_id": 27667,
    "calendar_year": 600,
    "calendar_month": 5,
    "calendar_day": 23
  },
  {
    "id": 185196,
    "name": "Tag des Handwerks",
    "entry": "<p>Zu Gedenk an Wieland, dem Handwerker und eines der fünf heiligen Kinder. </p>",
    "entry_parsed": "<p>Zu Gedenk an Wieland, dem Handwerker und eines der fünf heiligen Kinder.&nbsp;</p>",
    "tooltip": null,
    "type": "Feiertag",
    "image": null,
    "focus_x": null,
    "focus_y": null,
    "image_full": "",
    "image_thumb": "https://d3a4xjr8r2ldhu.cloudfront.net/images/defaults/thumbnail.jpg",
    "has_custom_image": false,
    "image_uuid": null,
    "header_full": null,
    "header_uuid": null,
    "has_custom_header": false,
    "is_private": false,
    "is_template": false,
    "is_attributes_private": false,
    "entity_id": 7559772,
    "tags": [],
    "created_at": "2025-04-19T06:41:42.000000Z",
    "created_by": 317644,
    "updated_at": "2025-04-19T06:41:42.000000Z",
    "updated_by": null,
    "urls": {
      "view": "https://app.kanka.io/w/316191/entities/7559772",
      "api": "https://api.kanka.io/1.0/campaigns/316191/events/185196"
    },
    "location_id": null,
    "event_id": null,
    "date": null,
    "calendar_id": 27667,
    "calendar_year": 300,
    "calendar_month": 6,
    "calendar_day": 30
  },
  {
    "id": 185197,
    "name": "Liebeswoche",
    "entry": "<p>Eine Woche in welcher jeder, von Bauer bis Baron auf Partnerschau ist. Obwohl viele Ehen und Liebschaften außerhalb dieser Woche geschlossen werden, finden ein signifikanter Teil der Werbungen in dieser Woche ihren Abschluss. </p>",
    "entry_parsed": "<p>Eine Woche in welcher jeder, von Bauer bis Baron auf Partnerschau ist. Obwohl viele Ehen und Liebschaften außerhalb dieser Woche geschlossen werden, finden ein signifikanter Teil der Werbungen in dieser Woche ihren Abschluss.&nbsp;</p>",
    "tooltip": null,
    "type": "Feiertag",
    "image": null,
    "focus_x": null,
    "focus_y": null,
    "image_full": "",
    "image_thumb": "https://d3a4xjr8r2ldhu.cloudfront.net/images/defaults/thumbnail.jpg",
    "has_custom_image": false,
    "image_uuid": null,
    "header_full": null,
    "header_uuid": null,
    "has_custom_header": false,
    "is_private": false,
    "is_template": false,
    "is_attributes_private": false,
    "entity_id": 7559773,
    "tags": [],
    "created_at": "2025-04-19T06:43:44.000000Z",
    "created_by": 317644,
    "updated_at": "2025-04-19T06:43:44.000000Z",
    "updated_by": null,
    "urls": {
      "view": "https://app.kanka.io/w/316191/entities/7559773",
      "api": "https://api.kanka.io/1.0/campaigns/316191/events/185197"
    },
    "location_id": null,
    "event_id": null,
    "date": null,
    "calendar_id": 27667,
    "calendar_year": 150,
    "calendar_month": 7,
    "calendar_day": 4
  },
  {
    "id": 185199,
    "name": "Sieg des Reiches",
    "entry": "<p>Ein Gedenktag an die Errungenschaften des Königreiches und den vielen Heldentaten vergangener Zeiten. </p>",
    "entry_parsed": "<p>Ein Gedenktag an die Errungenschaften des Königreiches und den vielen Heldentaten vergangener Zeiten.&nbsp;</p>",
    "tooltip": null,
    "type": "Feiertag",
    "image": null,
    "focus_x": null,
    "focus_y": null,
    "image_full": "",
    "image_thumb": "https://d3a4xjr8r2ldhu.cloudfront.net/images/defaults/thumbnail.jpg",
    "has_custom_image": false,
    "image_uuid": null,
    "header_full": null,
    "header_uuid": null,
    "has_custom_header": false,
    "is_private": false,
    "is_template": false,
    "is_attributes_private": false,
    "entity_id": 7559775,
    "tags": [],
    "created_at": "2025-04-19T06:44:47.000000Z",
    "created_by": 317644,
    "updated_at": "2025-05-16T10:16:28.000000Z",
    "updated_by": 317644,
    "urls": {
      "view": "https://app.kanka.io/w/316191/entities/7559775",
      "api": "https://api.kanka.io/1.0/campaigns/316191/events/185199"
    },
    "location_id": null,
    "event_id": null,
    "date": null,
    "calendar_id": 27667,
    "calendar_year": 150,
    "calendar_month": 8,
    "calendar_day": 25
  },
  {
    "id": 185200,
    "name": "Tag des Feuers",
    "entry": "<p>Ein Gedenktag an den Niedergang einer Verschwörung von Erzmagiern. Wird nicht in allen Teilen gefeiert. </p>",
    "entry_parsed": "<p>Ein Gedenktag an den Niedergang einer Verschwörung von Erzmagiern. Wird nicht in allen Teilen gefeiert.&nbsp;</p>",
    "tooltip": null,
    "type": "Feiertag",
    "image": null,
    "focus_x": null,
    "focus_y": null,
    "image_full": "",
    "image_thumb": "https://d3a4xjr8r2ldhu.cloudfront.net/images/defaults/thumbnail.jpg",
    "has_custom_image": false,
    "image_uuid": null,
    "header_full": null,
    "header_uuid": null,
    "has_custom_header": false,
    "is_private": false,
    "is_template": false,
    "is_attributes_private": false,
    "entity_id": 7559777,
    "tags": [],
    "created_at": "2025-04-19T06:46:46.000000Z",
    "created_by": 317644,
    "updated_at": "2025-05-16T10:17:38.000000Z",
    "updated_by": 317644,
    "urls": {
      "view": "https://app.kanka.io/w/316191/entities/7559777",
      "api": "https://api.kanka.io/1.0/campaigns/316191/events/185200"
    },
    "location_id": null,
    "event_id": null,
    "date": null,
    "calendar_id": 27667,
    "calendar_year": 51,
    "calendar_month": 9,
    "calendar_day": 1
  },
  {
    "id": 185201,
    "name": "Tag der Heimkehr",
    "entry": "<p>Ein Gedenktag an Iorweth, der ausgezogen war, um die heiligen Kinder zu ihrer Mission zu bringen. </p>",
    "entry_parsed": "<p>Ein Gedenktag an Iorweth, der ausgezogen war, um die heiligen Kinder zu ihrer Mission zu bringen.&nbsp;</p>",
    "tooltip": null,
    "type": "Feiertag",
    "image": null,
    "focus_x": null,
    "focus_y": null,
    "image_full": "",
    "image_thumb": "https://d3a4xjr8r2ldhu.cloudfront.net/images/defaults/thumbnail.jpg",
    "has_custom_image": false,
    "image_uuid": null,
    "header_full": null,
    "header_uuid": null,
    "has_custom_header": false,
    "is_private": false,
    "is_template": false,
    "is_attributes_private": false,
    "entity_id": 7559778,
    "tags": [],
    "created_at": "2025-04-19T06:47:44.000000Z",
    "created_by": 317644,
    "updated_at": "2025-05-16T10:17:38.000000Z",
    "updated_by": 317644,
    "urls": {
      "view": "https://app.kanka.io/w/316191/entities/7559778",
      "api": "https://api.kanka.io/1.0/campaigns/316191/events/185201"
    },
    "location_id": null,
    "event_id": null,
    "date": null,
    "calendar_id": 27667,
    "calendar_year": 301,
    "calendar_month": 10,
    "calendar_day": 5
  },
  {
    "id": 185202,
    "name": "Mertesdank",
    "entry": "<p>Ein Tag zum Dank für die erfolgreiche Arbeit des letzten Jahres. In Städten präsentieren hier Handwerker ihre besten Erzeugnisse. Auf dem Land wurden bis dahin die letzten Gaben eingeholt. </p>",
    "entry_parsed": "<p>Ein Tag zum Dank für die erfolgreiche Arbeit des letzten Jahres. In Städten präsentieren hier Handwerker ihre besten Erzeugnisse. Auf dem Land wurden bis dahin die letzten Gaben eingeholt.&nbsp;</p>",
    "tooltip": null,
    "type": "Feiertag",
    "image": null,
    "focus_x": null,
    "focus_y": null,
    "image_full": "",
    "image_thumb": "https://d3a4xjr8r2ldhu.cloudfront.net/images/defaults/thumbnail.jpg",
    "has_custom_image": false,
    "image_uuid": null,
    "header_full": null,
    "header_uuid": null,
    "has_custom_header": false,
    "is_private": false,
    "is_template": false,
    "is_attributes_private": false,
    "entity_id": 7559779,
    "tags": [],
    "created_at": "2025-04-19T06:49:12.000000Z",
    "created_by": 317644,
    "updated_at": "2025-05-16T10:17:53.000000Z",
    "updated_by": 317644,
    "urls": {
      "view": "https://app.kanka.io/w/316191/entities/7559779",
      "api": "https://api.kanka.io/1.0/campaigns/316191/events/185202"
    },
    "location_id": null,
    "event_id": null,
    "date": null,
    "calendar_id": 27667,
    "calendar_year": 2,
    "calendar_month": 11,
    "calendar_day": 7
  },
  {
    "id": 185203,
    "name": "Tag des Todes",
    "entry": "<p>Ein Tag zur Erinnerung an jene, die uns verlasse haben. Khazim, der Bringer des Todes, wird hier besonders geehrt. </p>",
    "entry_parsed": "<p>Ein Tag zur Erinnerung an jene, die uns verlasse haben. Khazim, der Bringer des Todes, wird hier besonders geehrt.&nbsp;</p>",
    "tooltip": null,
    "type": "Feiertag",
    "image": null,
    "focus_x": null,
    "focus_y": null,
    "image_full": "",
    "image_thumb": "https://d3a4xjr8r2ldhu.cloudfront.net/images/defaults/thumbnail.jpg",
    "has_custom_image": false,
    "image_uuid": null,
    "header_full": null,
    "header_uuid": null,
    "has_custom_header": false,
    "is_private": false,
    "is_template": false,
    "is_attributes_private": false,
    "entity_id": 7559781,
    "tags": [],
    "created_at": "2025-04-19T06:50:19.000000Z",
    "created_by": 317644,
    "updated_at": "2025-05-16T10:16:06.000000Z",
    "updated_by": 317644,
    "urls": {
      "view": "https://app.kanka.io/w/316191/entities/7559781",
      "api": "https://api.kanka.io/1.0/campaigns/316191/events/185203"
    },
    "location_id": null,
    "event_id": null,
    "date": null,
    "calendar_id": 27667,
    "calendar_year": 302,
    "calendar_month": 12,
    "calendar_day": 21
  },
  {
    "id": 185454,
    "name": "Königreich Rehforst wird ausgerufen!",
    "entry": "<p>[character:7557718] aus der Dynastie Rehforst wird in Anwesenheit ihrer Vasallen zur Königin von Rehforst ernannt. Das neu ausgerufene Königreich stellt sich gegen den sinnlosen Thronfolgekrieg zwischen den Dynastien Turmstadt und Caldria. Stattdessen sehen sie Martha als rechtmäßige Nachfolgerin ihres Onkels, den von Feen entführten König, Roland. </p>",
    "entry_parsed": "<p><a href=\"https://app.kanka.io/w/316191/entities/7557718\" class=\"entity-mention\" data-entity-tags=\"\" data-entity-type=\"character\" data-toggle=\"tooltip-ajax\" data-id=\"7557718\" data-url=\"https://app.kanka.io/w/316191/entities/7557718/tooltip\">Martha von Rehforst</a> aus der Dynastie Rehforst wird in Anwesenheit ihrer Vasallen zur Königin von Rehforst ernannt. Das neu ausgerufene Königreich stellt sich gegen den sinnlosen Thronfolgekrieg zwischen den Dynastien Turmstadt und Caldria. Stattdessen sehen sie Martha als rechtmäßige Nachfolgerin ihres Onkels, den von Feen entführten König, Roland.&nbsp;</p>",
    "tooltip": null,
    "type": null,
    "image": null,
    "focus_x": null,
    "focus_y": null,
    "image_full": "",
    "image_thumb": "https://d3a4xjr8r2ldhu.cloudfront.net/images/defaults/thumbnail.jpg",
    "has_custom_image": false,
    "image_uuid": null,
    "header_full": null,
    "header_uuid": null,
    "has_custom_header": false,
    "is_private": false,
    "is_template": false,
    "is_attributes_private": false,
    "entity_id": 7574155,
    "tags": [],
    "created_at": "2025-04-22T18:17:29.000000Z",
    "created_by": 317644,
    "updated_at": "2025-04-22T18:18:51.000000Z",
    "updated_by": 317644,
    "urls": {
      "view": "https://app.kanka.io/w/316191/entities/7574155",
      "api": "https://api.kanka.io/1.0/campaigns/316191/events/185454"
    },
    "location_id": 1702905,
    "event_id": null,
    "date": null,
    "calendar_id": 27667,
    "calendar_year": 700,
    "calendar_month": 2,
    "calendar_day": 8
  }
]