[
  {
    "id": 205377,
    "name": "Dynastie Rehforst",
    "entry": null,
    "entry_parsed": null,
    "tooltip": null,
    "type": "königlich",
    "image": null,
    "focus_x": null,
    "focus_y": null,
    "image_full": "https://d3a4xjr8r2ldhu.cloudfront.net/campaigns/316191/9ed29798-b7bd-4c3b-bda4-9f2862881b97.png",
    "image_thumb": "https://th.kanka.io/cA84CUUEnBpZHdHTNkrm-rfSwbw=/40x40/smart/src/campaigns/316191/9ed29798-b7bd-4c3b-bda4-9f2862881b97.png",
    "has_custom_image": true,
    "image_uuid": "9ed29798-b7bd-4c3b-bda4-9f2862881b97",
    "header_full": null,
    "header_uuid": null,
    "has_custom_header": false,
    "is_private": false,
    "is_template": false,
    "is_attributes_private": false,
    "entity_id": 7557681,
    "tags": [],
    "created_at": "2025-04-18T15:32:14.000000Z",
    "created_by": 317644,
    "updated_at": "2025-05-03T11:53:57.000000Z",
    "updated_by": 317644,
    "urls": {
      "view": "https://app.kanka.io/w/316191/entities/7557681",
      "api": "https://api.kanka.io/1.0/campaigns/316191/families/205377"
    },
    "location_id": 1702905,
    "family_id": null,
    "is_extinct": false,
    "members": [
      1941366
    ]
  },
  {
    "id": 205381,
    "name": "Dynastie Turmstadt",
    "entry": null,
    "entry_parsed": null,
    "tooltip": null,
    "type": null,
    "image": null,
    "focus_x": null,
    "focus_y": null,
    "image_full": "https://d3a4xjr8r2ldhu.cloudfront.net/campaigns/316191/9ed297a8-1536-46c1-ad23-ef9b85af313f.png",
    "image_thumb": "https://th.kanka.io/dZydG05nHFIZZo5Rv-Ir9y3a-fw=/40x40/smart/src/campaigns/316191/9ed297a8-1536-46c1-ad23-ef9b85af313f.png",
    "has_custom_image": true,
    "image_uuid": "9ed297a8-1536-46c1-ad23-ef9b85af313f",
    "header_full": null,
    "header_uuid": null,
    "has_custom_header": false,
    "is_private": false,
    "is_template": false,
    "is_attributes_private": false,
    "entity_id": 7557715,
    "tags": [],
    "created_at": "2025-04-18T15:37:00.000000Z",
    "created_by": 317644,
    "updated_at": "2025-05-03T11:54:12.000000Z",
    "updated_by": 317644,
    "urls": {
      "view": "https://app.kanka.io/w/316191/entities/7557715",
      "api": "https://api.kanka.io/1.0/campaigns/316191/families/205381"
    },
    "location_id": null,
    "family_id": null,
    "is_extinct": false,
    "members": [
      1941365
    ]
  },
  {
    "id": 205382,
    "name": "Dynastie Caldria",
    "entry": "<p><br></p>",
    "entry_parsed": "<p><br></p>",
    "tooltip": null,
    "type": null,
    "image": null,
    "focus_x": null,
    "focus_y": null,
    "image_full": "https://d3a4xjr8r2ldhu.cloudfront.net/campaigns/316191/9ed2977c-2667-4bbb-a78a-aed6d11e2f12.png",
    "image_thumb": "https://th.kanka.io/gq1O5McCtNbXlNh1GaA09nbVaN8=/40x40/smart/src/campaigns/316191/9ed2977c-2667-4bbb-a78a-aed6d11e2f12.png",
    "has_custom_image": true,
    "image_uuid": "9ed2977c-2667-4bbb-a78a-aed6d11e2f12",
    "header_full": null,
    "header_uuid": null,
    "has_custom_header": false,
    "is_private": false,
    "is_template": false,
    "is_attributes_private": false,
    "entity_id": 7557727,
    "tags": [],
    "created_at": "2025-04-18T15:38:43.000000Z",
    "created_by": 317644,
    "updated_at": "2025-05-03T11:53:42.000000Z",
    "updated_by": 317644,
    "urls": {
      "view": "https://app.kanka.io/w/316191/entities/7557727",
      "api": "https://api.kanka.io/1.0/campaigns/316191/families/205382"
    },
    "location_id": null,
    "family_id": null,
    "is_extinct": false,
    "members": [
      1941371
    ]
  },
  {
    "id": 205383,
    "name": "Clan Süleyman",
    "entry": null,
    "entry_parsed": null,
    "tooltip": null,
    "type": null,
    "image": null,
    "focus_x": null,
    "focus_y": null,
    "image_full": "",
    "image_thumb": "https://d3a4xjr8r2ldhu.cloudfront.net/images/defaults/thumbnail.jpg",
    "has_custom_image": false,
    "image_uuid": null,
    "header_full": null,
    "header_uuid": null,
    "has_custom_header": false,
    "is_private": false,
    "is_template": false,
    "is_attributes_private": false,
    "entity_id": 7557732,
    "tags": [],
    "created_at": "2025-04-18T15:39:30.000000Z",
    "created_by": 317644,
    "updated_at": "2025-04-18T15:39:30.000000Z",
    "updated_by": null,
    "urls": {
      "view": "https://app.kanka.io/w/316191/entities/7557732",
      "api": "https://api.kanka.io/1.0/campaigns/316191/families/205383"
    },
    "location_id": null,
    "family_id": null,
    "is_extinct": false,
    "members": []
  },
  {
    "id": 208968,
    "name": "Isonade",
    "entry": null,
    "entry_parsed": null,
    "tooltip": null,
    "type": null,
    "image": null,
    "focus_x": null,
    "focus_y": null,
    "image_full": "",
    "image_thumb": "https://d3a4xjr8r2ldhu.cloudfront.net/images/defaults/thumbnail.jpg",
    "has_custom_image": false,
    "image_uuid": null,
    "header_full": null,
    "header_uuid": null,
    "has_custom_header": false,
    "is_private": false,
    "is_template": false,
    "is_attributes_private": false,
    "entity_id": 7682800,
    "tags": [],
    "created_at": "2025-05-23T09:20:15.000000Z",
    "created_by": 317644,
    "updated_at": "2025-05-23T09:20:15.000000Z",
    "updated_by": null,
    "urls": {
      "view": "https://app.kanka.io/w/316191/entities/7682800",
      "api": "https://api.kanka.io/1.0/campaigns/316191/families/208968"
    },
    "location_id": null,
    "family_id": null,
    "is_extinct": false,
    "members": [
      1976765,
      1976764
    ]
  }
]