[
  {
    "id": 512840,
    "name": "Via-Schiffe",
    "entry": null,
    "entry_parsed": null,
    "tooltip": null,
    "type": null,
    "image": null,
    "focus_x": null,
    "focus_y": null,
    "image_full": "",
    "image_thumb": "https://d3a4xjr8r2ldhu.cloudfront.net/images/defaults/thumbnail.jpg",
    "has_custom_image": false,
    "image_uuid": null,
    "header_full": null,
    "header_uuid": null,
    "has_custom_header": false,
    "is_private": false,
    "is_template": false,
    "is_attributes_private": false,
    "entity_id": 7609687,
    "tags": [],
    "created_at": "2025-05-02T11:57:04.000000Z",
    "created_by": 317644,
    "updated_at": "2025-05-02T11:57:04.000000Z",
    "updated_by": null,
    "urls": {
      "view": "https://app.kanka.io/w/316191/entities/7609687",
      "api": "https://api.kanka.io/1.0/campaigns/316191/items/512840"
    },
    "location_id": null,
    "character_id": null,
    "price": null,
    "size": null,
    "weight": null,
    "item_id": null
  }
]