[
  {
    "id": 141396,
    "name": "Kappenpost",
    "entry": "<p>Die unabhängige Zeitung der Rotkappen. Sie berichtet über die neuesten Ereignisse und wird zu jeder Jahreszeit veröffentlicht. </p>",
    "entry_parsed": "<p>Die unabhängige Zeitung der Rotkappen. Sie berichtet über die neuesten Ereignisse und wird zu jeder Jahreszeit veröffentlicht.&nbsp;</p>",
    "tooltip": null,
    "type": "Zeitung",
    "image": null,
    "focus_x": null,
    "focus_y": null,
    "image_full": "",
    "image_thumb": "https://d3a4xjr8r2ldhu.cloudfront.net/images/defaults/thumbnail.jpg",
    "has_custom_image": false,
    "image_uuid": null,
    "header_full": null,
    "header_uuid": null,
    "has_custom_header": false,
    "is_private": false,
    "is_template": false,
    "is_attributes_private": false,
    "entity_id": 7574167,
    "tags": [],
    "created_at": "2025-04-22T18:23:13.000000Z",
    "created_by": 317644,
    "updated_at": "2025-05-17T15:52:48.000000Z",
    "updated_by": 317644,
    "urls": {
      "view": "https://app.kanka.io/w/316191/entities/7574167",
      "api": "https://api.kanka.io/1.0/campaigns/316191/journals/141396"
    },
    "location_id": null,
    "character_id": null,
    "journal_id": null,
    "date": null,
    "author": null,
    "author_id": null,
    "calendar_id": null,
    "calendar_year": null,
    "calendar_month": null,
    "calendar_day": null
  }
]