[
  {
    "id": 1702904,
    "name": "Die Großen Lande",
    "entry": null,
    "entry_parsed": null,
    "tooltip": null,
    "type": "Kontinent",
    "image": null,
    "focus_x": null,
    "focus_y": null,
    "image_full": "",
    "image_thumb": "https://d3a4xjr8r2ldhu.cloudfront.net/images/defaults/thumbnail.jpg",
    "has_custom_image": false,
    "image_uuid": null,
    "header_full": null,
    "header_uuid": null,
    "has_custom_header": false,
    "is_private": false,
    "is_template": false,
    "is_attributes_private": false,
    "entity_id": 7557646,
    "tags": [],
    "created_at": "2025-04-18T15:24:47.000000Z",
    "created_by": 317644,
    "updated_at": "2025-04-18T15:24:47.000000Z",
    "updated_by": null,
    "urls": {
      "view": "https://app.kanka.io/w/316191/entities/7557646",
      "api": "https://api.kanka.io/1.0/campaigns/316191/locations/1702904"
    },
    "location_id": null,
    "is_destroyed": false
  },
  {
    "id": 1702905,
    "name": "Ostlande",
    "entry": null,
    "entry_parsed": null,
    "tooltip": null,
    "type": "Schauplatz",
    "image": null,
    "focus_x": null,
    "focus_y": null,
    "image_full": "",
    "image_thumb": "https://d3a4xjr8r2ldhu.cloudfront.net/images/defaults/thumbnail.jpg",
    "has_custom_image": false,
    "image_uuid": null,
    "header_full": null,
    "header_uuid": null,
    "has_custom_header": false,
    "is_private": false,
    "is_template": false,
    "is_attributes_private": false,
    "entity_id": 7557650,
    "tags": [
      455239
    ],
    "created_at": "2025-04-18T15:26:08.000000Z",
    "created_by": 317644,
    "updated_at": "2025-05-11T07:01:58.000000Z",
    "updated_by": 317644,
    "urls": {
      "view": "https://app.kanka.io/w/316191/entities/7557650",
      "api": "https://api.kanka.io/1.0/campaigns/316191/locations/1702905"
    },
    "location_id": 1702904,
    "is_destroyed": false
  },
  {
    "id": 1702906,
    "name": "Königsdomäne",
    "entry": "<p dir=\"ltr\"><span style=\"font-size:11pt;font-family:Arial, sans-serif;color:#000000;background-color:transparent;font-weight:700;font-style:normal;text-decoration:none;\">Königsstadt &amp; Königsdomäne – Wo alles begann</span></p><p dir=\"ltr\"><span style=\"font-size:11pt;font-family:Arial, sans-serif;color:#000000;background-color:transparent;font-weight:400;font-style:normal;text-decoration:none;\">Wenn meine Stiefel zum ersten Mal die Kronsteine einer neuen Stadt betreten, ist es mir stets eine Freude, die Luft der Hoffnung einzuatmen, die durch Gassen und über Märkte streift. Doch in Königsstadt – ah, in Königsstadt ist es mehr als das. Es ist Geschichte, die durch jede noch so verdreckte Rinne rinnt.</span></p><p dir=\"ltr\"><span style=\"font-size:11pt;font-family:Arial, sans-serif;color:#000000;background-color:transparent;font-weight:400;font-style:normal;text-decoration:none;\">In der Königsbucht, einst wild und unberührt, stachen Richard I. und seine überlebenden Caldrier mit ihren hunderten Schiffen in unser kollektives Gedächtnis. Dort, an der schroffen Küste, wo heute die mächtige Feste über die See blickt, rief er das neue Königreich aus. Und von dort wuchs sie empor – Königsstadt, die Mutter aller Siedlungen.</span></p><p dir=\"ltr\"><span style=\"font-size:11pt;font-family:Arial, sans-serif;color:#000000;background-color:transparent;font-weight:400;font-style:normal;text-decoration:none;\">Die Stadt selbst wirkt wie zwei Welten in einer: Unten, am Hafen, tobt das Leben. Dort lärmen Händler, streiten Seefahrer, und die Düfte von Gewürzen und altem Fisch liegen in der Luft wie die Erinnerung an vergangene Zeiten. Weiter oben, auf dem Hügel, herrscht Struktur, Ordnung – ja beinahe ein Hauch von Überlegenheit. Die Feste, wie ein steinernes Auge, wacht über alles.</span></p><p dir=\"ltr\"><span style=\"font-size:11pt;font-family:Arial, sans-serif;color:#000000;background-color:transparent;font-weight:400;font-style:normal;text-decoration:none;\">Mein liebster Ort? Der Tempel des Nerom im Rosenviertel – dort beginnt mein Tag in Andacht. Der Gesang der Priesterinnen hallt durch das Gewölbe wie eine zweite Stimme meiner Gedanken. Danach half mir ein Alchemist aus Kharim mit einem parfümierten Elixier, den üblen Gerüchen der Unterstadt zu trotzen. Ein praktisches, aber nicht unpoetisches Geschenk.</span></p><p dir=\"ltr\"><span style=\"font-size:11pt;font-family:Arial, sans-serif;color:#000000;background-color:transparent;font-weight:400;font-style:normal;text-decoration:none;\">Wer den Trubel meiden will, der nehme nicht den direkten Weg zum Hafen, sondern wähle den erhöhten Stadtring. Auf dieser Route zeigt sich das wahre Gesicht der Stadt: der Blaue Stein mit seinen ehrwürdigen Gilden, die Oberstadt mit ihren Parkanlagen, Galerien und den Kaffeehäusern, in denen Philosophen, Händler und Magier beisammensitzen wie alte Freunde auf der Suche nach neuer Erkenntnis.</span></p><p dir=\"ltr\"><span style=\"font-size:11pt;font-family:Arial, sans-serif;color:#000000;background-color:transparent;font-weight:400;font-style:normal;text-decoration:none;\">Doch so lebendig Königsstadt auch ist – sie ist kein Einzelfall. Nein, die Königsdomäne erstreckt sich weit über die Bucht hinaus. Im Westen ragen die Zinnen der Dornfelder Gebirgszüge empor, wo das Eisen Caldrias mit Schweiß und Gebet aus dem Gestein geschlagen wird. Und weiter südlich, in den Ebenen zwischen Reschalsfurt und Schlitersbad, wogt das Korn im Wind wie das goldene Haar einer Göttin. Nicht umsonst nennt man diese Lande die Kornkammer des Reiches.</span></p><p dir=\"ltr\"><span style=\"font-size:11pt;font-family:Arial, sans-serif;color:#000000;background-color:transparent;font-weight:400;font-style:normal;text-decoration:none;\">Im Norden jedoch, wo sich die Durdum durch uralte Wälder schlängelt, ist der Ton ein anderer. Dort herrscht das Misstrauen gegenüber allem Fremden, genährt von Jahrhunderten der Isolation. Die Menschen leben mit dem Wald, nicht neben ihm – und ich gebe zu, es fiel mir schwer, dort als Gelehrte Fuß zu fassen.</span></p><p dir=\"ltr\"><span style=\"font-size:11pt;font-family:Arial, sans-serif;color:#000000;background-color:transparent;font-weight:400;font-style:normal;text-decoration:none;\">Was jedoch überall gleich ist: Die Macht des Königs. Ritter, als seine Stellvertreter, verwalten die Siedlungen. Dieses Amt ist nicht erblich, doch das Gold der Eltern bahnt oft den Weg für die Kinder. So entstehen heimliche Dynastien unter dem Banner einer absolutistischen Krone.</span></p><p dir=\"ltr\"><span style=\"font-size:11pt;font-family:Arial, sans-serif;color:#000000;background-color:transparent;font-weight:400;font-style:normal;text-decoration:none;\">Nicht zuletzt soll auch die Kirche der Fünf Göttlichen erwähnt werden. Ihre Präsenz ist spürbar, ihre Stimmen laut, ihre Augen wachsam. In den letzten Jahren jedoch... hat sich Schatten unter den Kutten gezeigt. Priester, die mit dem Infernalen im Bunde stehen – ein Gedanke, der mich mit tiefer Sorge erfüllt. Vor allem im Süden, nahe Kharimsbart, werden Stimmen laut, dass Asfaelisten dort ihre dunklen Pakte erneuern.</span></p><p dir=\"ltr\"><span id=\"docs-internal-guid-2708be15-7fff-9bee-7057-05d1997666a4\"></span></p><p dir=\"ltr\"><span style=\"font-size:11pt;font-family:Arial, sans-serif;color:#000000;background-color:transparent;font-weight:400;font-style:normal;text-decoration:none;\">So verlasse ich Königsstadt mit einem geteilten Herzen – erfüllt vom Staunen über ihre Pracht, aber auch mit dem Wissen, dass selbst der hellste Ort einen langen Schatten wirft.</span></p>",
    "entry_parsed": "<p dir=\"ltr\"><span style=\"font-size:11pt;font-family:Arial, sans-serif;color:#000000;background-color:transparent;font-weight:700;font-style:normal;text-decoration:none;\">Königsstadt &amp; Königsdomäne – Wo alles begann</span></p><p dir=\"ltr\"><span style=\"font-size:11pt;font-family:Arial, sans-serif;color:#000000;background-color:transparent;font-weight:400;font-style:normal;text-decoration:none;\">Wenn meine Stiefel zum ersten Mal die Kronsteine einer neuen Stadt betreten, ist es mir stets eine Freude, die Luft der Hoffnung einzuatmen, die durch Gassen und über Märkte streift. Doch in Königsstadt – ah, in Königsstadt ist es mehr als das. Es ist Geschichte, die durch jede noch so verdreckte Rinne rinnt.</span></p><p dir=\"ltr\"><span style=\"font-size:11pt;font-family:Arial, sans-serif;color:#000000;background-color:transparent;font-weight:400;font-style:normal;text-decoration:none;\">In der Königsbucht, einst wild und unberührt, stachen Richard I. und seine überlebenden Caldrier mit ihren hunderten Schiffen in unser kollektives Gedächtnis. Dort, an der schroffen Küste, wo heute die mächtige Feste über die See blickt, rief er das neue Königreich aus. Und von dort wuchs sie empor – Königsstadt, die Mutter aller Siedlungen.</span></p><p dir=\"ltr\"><span style=\"font-size:11pt;font-family:Arial, sans-serif;color:#000000;background-color:transparent;font-weight:400;font-style:normal;text-decoration:none;\">Die Stadt selbst wirkt wie zwei Welten in einer: Unten, am Hafen, tobt das Leben. Dort lärmen Händler, streiten Seefahrer, und die Düfte von Gewürzen und altem Fisch liegen in der Luft wie die Erinnerung an vergangene Zeiten. Weiter oben, auf dem Hügel, herrscht Struktur, Ordnung – ja beinahe ein Hauch von Überlegenheit. Die Feste, wie ein steinernes Auge, wacht über alles.</span></p><p dir=\"ltr\"><span style=\"font-size:11pt;font-family:Arial, sans-serif;color:#000000;background-color:transparent;font-weight:400;font-style:normal;text-decoration:none;\">Mein liebster Ort? Der Tempel des Nerom im Rosenviertel – dort beginnt mein Tag in Andacht. Der Gesang der Priesterinnen hallt durch das Gewölbe wie eine zweite Stimme meiner Gedanken. Danach half mir ein Alchemist aus Kharim mit einem parfümierten Elixier, den üblen Gerüchen der Unterstadt zu trotzen. Ein praktisches, aber nicht unpoetisches Geschenk.</span></p><p dir=\"ltr\"><span style=\"font-size:11pt;font-family:Arial, sans-serif;color:#000000;background-color:transparent;font-weight:400;font-style:normal;text-decoration:none;\">Wer den Trubel meiden will, der nehme nicht den direkten Weg zum Hafen, sondern wähle den erhöhten Stadtring. Auf dieser Route zeigt sich das wahre Gesicht der Stadt: der Blaue Stein mit seinen ehrwürdigen Gilden, die Oberstadt mit ihren Parkanlagen, Galerien und den Kaffeehäusern, in denen Philosophen, Händler und Magier beisammensitzen wie alte Freunde auf der Suche nach neuer Erkenntnis.</span></p><p dir=\"ltr\"><span style=\"font-size:11pt;font-family:Arial, sans-serif;color:#000000;background-color:transparent;font-weight:400;font-style:normal;text-decoration:none;\">Doch so lebendig Königsstadt auch ist – sie ist kein Einzelfall. Nein, die Königsdomäne erstreckt sich weit über die Bucht hinaus. Im Westen ragen die Zinnen der Dornfelder Gebirgszüge empor, wo das Eisen Caldrias mit Schweiß und Gebet aus dem Gestein geschlagen wird. Und weiter südlich, in den Ebenen zwischen Reschalsfurt und Schlitersbad, wogt das Korn im Wind wie das goldene Haar einer Göttin. Nicht umsonst nennt man diese Lande die Kornkammer des Reiches.</span></p><p dir=\"ltr\"><span style=\"font-size:11pt;font-family:Arial, sans-serif;color:#000000;background-color:transparent;font-weight:400;font-style:normal;text-decoration:none;\">Im Norden jedoch, wo sich die Durdum durch uralte Wälder schlängelt, ist der Ton ein anderer. Dort herrscht das Misstrauen gegenüber allem Fremden, genährt von Jahrhunderten der Isolation. Die Menschen leben mit dem Wald, nicht neben ihm – und ich gebe zu, es fiel mir schwer, dort als Gelehrte Fuß zu fassen.</span></p><p dir=\"ltr\"><span style=\"font-size:11pt;font-family:Arial, sans-serif;color:#000000;background-color:transparent;font-weight:400;font-style:normal;text-decoration:none;\">Was jedoch überall gleich ist: Die Macht des Königs. Ritter, als seine Stellvertreter, verwalten die Siedlungen. Dieses Amt ist nicht erblich, doch das Gold der Eltern bahnt oft den Weg für die Kinder. So entstehen heimliche Dynastien unter dem Banner einer absolutistischen Krone.</span></p><p dir=\"ltr\"><span style=\"font-size:11pt;font-family:Arial, sans-serif;color:#000000;background-color:transparent;font-weight:400;font-style:normal;text-decoration:none;\">Nicht zuletzt soll auch die Kirche der Fünf Göttlichen erwähnt werden. Ihre Präsenz ist spürbar, ihre Stimmen laut, ihre Augen wachsam. In den letzten Jahren jedoch... hat sich Schatten unter den Kutten gezeigt. Priester, die mit dem Infernalen im Bunde stehen – ein Gedanke, der mich mit tiefer Sorge erfüllt. Vor allem im Süden, nahe Kharimsbart, werden Stimmen laut, dass Asfaelisten dort ihre dunklen Pakte erneuern.</span></p><p dir=\"ltr\"><span id=\"docs-internal-guid-2708be15-7fff-9bee-7057-05d1997666a4\"></span></p><p dir=\"ltr\"><span style=\"font-size:11pt;font-family:Arial, sans-serif;color:#000000;background-color:transparent;font-weight:400;font-style:normal;text-decoration:none;\">So verlasse ich Königsstadt mit einem geteilten Herzen – erfüllt vom Staunen über ihre Pracht, aber auch mit dem Wissen, dass selbst der hellste Ort einen langen Schatten wirft.</span></p>",
    "tooltip": null,
    "type": "Schauplatz",
    "image": null,
    "focus_x": null,
    "focus_y": null,
    "image_full": "",
    "image_thumb": "https://d3a4xjr8r2ldhu.cloudfront.net/images/defaults/thumbnail.jpg",
    "has_custom_image": false,
    "image_uuid": null,
    "header_full": null,
    "header_uuid": null,
    "has_custom_header": false,
    "is_private": false,
    "is_template": false,
    "is_attributes_private": false,
    "entity_id": 7557652,
    "tags": [
      455239
    ],
    "created_at": "2025-04-18T15:26:38.000000Z",
    "created_by": 317644,
    "updated_at": "2025-04-22T18:01:43.000000Z",
    "updated_by": 317644,
    "urls": {
      "view": "https://app.kanka.io/w/316191/entities/7557652",
      "api": "https://api.kanka.io/1.0/campaigns/316191/locations/1702906"
    },
    "location_id": 1702904,
    "is_destroyed": false
  },
  {
    "id": 1702907,
    "name": "Nordmark",
    "entry": null,
    "entry_parsed": null,
    "tooltip": null,
    "type": "Schauplatz",
    "image": null,
    "focus_x": null,
    "focus_y": null,
    "image_full": "",
    "image_thumb": "https://d3a4xjr8r2ldhu.cloudfront.net/images/defaults/thumbnail.jpg",
    "has_custom_image": false,
    "image_uuid": null,
    "header_full": null,
    "header_uuid": null,
    "has_custom_header": false,
    "is_private": false,
    "is_template": false,
    "is_attributes_private": false,
    "entity_id": 7557654,
    "tags": [
      455239
    ],
    "created_at": "2025-04-18T15:26:53.000000Z",
    "created_by": 317644,
    "updated_at": "2025-04-18T15:26:53.000000Z",
    "updated_by": null,
    "urls": {
      "view": "https://app.kanka.io/w/316191/entities/7557654",
      "api": "https://api.kanka.io/1.0/campaigns/316191/locations/1702907"
    },
    "location_id": 1702904,
    "is_destroyed": false
  },
  {
    "id": 1702908,
    "name": "Springwasser",
    "entry": null,
    "entry_parsed": null,
    "tooltip": null,
    "type": "Schauplatz",
    "image": null,
    "focus_x": null,
    "focus_y": null,
    "image_full": "",
    "image_thumb": "https://d3a4xjr8r2ldhu.cloudfront.net/images/defaults/thumbnail.jpg",
    "has_custom_image": false,
    "image_uuid": null,
    "header_full": null,
    "header_uuid": null,
    "has_custom_header": false,
    "is_private": false,
    "is_template": false,
    "is_attributes_private": false,
    "entity_id": 7557655,
    "tags": [
      455239
    ],
    "created_at": "2025-04-18T15:27:08.000000Z",
    "created_by": 317644,
    "updated_at": "2025-05-22T15:22:44.000000Z",
    "updated_by": 317644,
    "urls": {
      "view": "https://app.kanka.io/w/316191/entities/7557655",
      "api": "https://api.kanka.io/1.0/campaigns/316191/locations/1702908"
    },
    "location_id": 1702904,
    "is_destroyed": false
  },
  {
    "id": 1702909,
    "name": "Großherzogtum Turmstadt",
    "entry": "<p>Das Großherzogtum Turmstadt umfasst de jure die Flusslande westlich des Großen Walls, sowie das Tal der Türme östlich davon. Augenblicklich ist das Herrschaftsgebiet drei geteilt, der Graf von Brigach regiert im Westen, die Vidare Magi im Süden und der Großherzog im Osten. </p><p><br></p>",
    "entry_parsed": "<p>Das Großherzogtum Turmstadt umfasst de jure die Flusslande westlich des Großen Walls, sowie das Tal der Türme östlich davon. Augenblicklich ist das Herrschaftsgebiet drei geteilt, der Graf von Brigach regiert im Westen, die Vidare Magi im Süden und der Großherzog im Osten.&nbsp;</p><p><br></p>",
    "tooltip": null,
    "type": "Schauplatz",
    "image": null,
    "focus_x": null,
    "focus_y": null,
    "image_full": "",
    "image_thumb": "https://d3a4xjr8r2ldhu.cloudfront.net/images/defaults/thumbnail.jpg",
    "has_custom_image": false,
    "image_uuid": null,
    "header_full": null,
    "header_uuid": null,
    "has_custom_header": false,
    "is_private": false,
    "is_template": false,
    "is_attributes_private": false,
    "entity_id": 7557658,
    "tags": [
      455239
    ],
    "created_at": "2025-04-18T15:28:01.000000Z",
    "created_by": 317644,
    "updated_at": "2025-04-27T13:33:53.000000Z",
    "updated_by": 317644,
    "urls": {
      "view": "https://app.kanka.io/w/316191/entities/7557658",
      "api": "https://api.kanka.io/1.0/campaigns/316191/locations/1702909"
    },
    "location_id": 1702904,
    "is_destroyed": false
  },
  {
    "id": 1702910,
    "name": "Westmark",
    "entry": null,
    "entry_parsed": null,
    "tooltip": null,
    "type": "Schauplatz",
    "image": null,
    "focus_x": null,
    "focus_y": null,
    "image_full": "",
    "image_thumb": "https://d3a4xjr8r2ldhu.cloudfront.net/images/defaults/thumbnail.jpg",
    "has_custom_image": false,
    "image_uuid": null,
    "header_full": null,
    "header_uuid": null,
    "has_custom_header": false,
    "is_private": false,
    "is_template": false,
    "is_attributes_private": false,
    "entity_id": 7557659,
    "tags": [
      455239
    ],
    "created_at": "2025-04-18T15:28:18.000000Z",
    "created_by": 317644,
    "updated_at": "2025-05-11T07:17:29.000000Z",
    "updated_by": 317644,
    "urls": {
      "view": "https://app.kanka.io/w/316191/entities/7557659",
      "api": "https://api.kanka.io/1.0/campaigns/316191/locations/1702910"
    },
    "location_id": 1702904,
    "is_destroyed": false
  },
  {
    "id": 1702911,
    "name": "Das Heilige Land der Fünf Göttlichen",
    "entry": null,
    "entry_parsed": null,
    "tooltip": null,
    "type": "Schauplatz",
    "image": null,
    "focus_x": null,
    "focus_y": null,
    "image_full": "",
    "image_thumb": "https://d3a4xjr8r2ldhu.cloudfront.net/images/defaults/thumbnail.jpg",
    "has_custom_image": false,
    "image_uuid": null,
    "header_full": null,
    "header_uuid": null,
    "has_custom_header": false,
    "is_private": false,
    "is_template": false,
    "is_attributes_private": false,
    "entity_id": 7557660,
    "tags": [
      455239
    ],
    "created_at": "2025-04-18T15:28:42.000000Z",
    "created_by": 317644,
    "updated_at": "2025-04-18T15:28:42.000000Z",
    "updated_by": null,
    "urls": {
      "view": "https://app.kanka.io/w/316191/entities/7557660",
      "api": "https://api.kanka.io/1.0/campaigns/316191/locations/1702911"
    },
    "location_id": 1702904,
    "is_destroyed": false
  },
  {
    "id": 1702912,
    "name": "Westliches Khanat",
    "entry": null,
    "entry_parsed": null,
    "tooltip": null,
    "type": "Schauplatz",
    "image": null,
    "focus_x": null,
    "focus_y": null,
    "image_full": "",
    "image_thumb": "https://d3a4xjr8r2ldhu.cloudfront.net/images/defaults/thumbnail.jpg",
    "has_custom_image": false,
    "image_uuid": null,
    "header_full": null,
    "header_uuid": null,
    "has_custom_header": false,
    "is_private": false,
    "is_template": false,
    "is_attributes_private": false,
    "entity_id": 7557662,
    "tags": [
      455239
    ],
    "created_at": "2025-04-18T15:28:56.000000Z",
    "created_by": 317644,
    "updated_at": "2025-04-18T15:28:56.000000Z",
    "updated_by": null,
    "urls": {
      "view": "https://app.kanka.io/w/316191/entities/7557662",
      "api": "https://api.kanka.io/1.0/campaigns/316191/locations/1702912"
    },
    "location_id": 1702904,
    "is_destroyed": false
  },
  {
    "id": 1702913,
    "name": "Emirate",
    "entry": null,
    "entry_parsed": null,
    "tooltip": null,
    "type": "Schauplatz",
    "image": null,
    "focus_x": null,
    "focus_y": null,
    "image_full": "",
    "image_thumb": "https://d3a4xjr8r2ldhu.cloudfront.net/images/defaults/thumbnail.jpg",
    "has_custom_image": false,
    "image_uuid": null,
    "header_full": null,
    "header_uuid": null,
    "has_custom_header": false,
    "is_private": false,
    "is_template": false,
    "is_attributes_private": false,
    "entity_id": 7557663,
    "tags": [
      455239
    ],
    "created_at": "2025-04-18T15:29:12.000000Z",
    "created_by": 317644,
    "updated_at": "2025-04-18T15:29:12.000000Z",
    "updated_by": null,
    "urls": {
      "view": "https://app.kanka.io/w/316191/entities/7557663",
      "api": "https://api.kanka.io/1.0/campaigns/316191/locations/1702913"
    },
    "location_id": 1702904,
    "is_destroyed": false
  },
  {
    "id": 1702914,
    "name": "Kharimsche Halbinsel",
    "entry": null,
    "entry_parsed": null,
    "tooltip": null,
    "type": "Schauplatz",
    "image": null,
    "focus_x": null,
    "focus_y": null,
    "image_full": "",
    "image_thumb": "https://d3a4xjr8r2ldhu.cloudfront.net/images/defaults/thumbnail.jpg",
    "has_custom_image": false,
    "image_uuid": null,
    "header_full": null,
    "header_uuid": null,
    "has_custom_header": false,
    "is_private": false,
    "is_template": false,
    "is_attributes_private": false,
    "entity_id": 7557667,
    "tags": [
      455239
    ],
    "created_at": "2025-04-18T15:29:59.000000Z",
    "created_by": 317644,
    "updated_at": "2025-04-18T15:29:59.000000Z",
    "updated_by": null,
    "urls": {
      "view": "https://app.kanka.io/w/316191/entities/7557667",
      "api": "https://api.kanka.io/1.0/campaigns/316191/locations/1702914"
    },
    "location_id": 1702904,
    "is_destroyed": false
  },
  {
    "id": 1702915,
    "name": "Westliche Republiken",
    "entry": null,
    "entry_parsed": null,
    "tooltip": null,
    "type": "Schauplatz",
    "image": null,
    "focus_x": null,
    "focus_y": null,
    "image_full": "",
    "image_thumb": "https://d3a4xjr8r2ldhu.cloudfront.net/images/defaults/thumbnail.jpg",
    "has_custom_image": false,
    "image_uuid": null,
    "header_full": null,
    "header_uuid": null,
    "has_custom_header": false,
    "is_private": false,
    "is_template": false,
    "is_attributes_private": false,
    "entity_id": 7557669,
    "tags": [
      455239
    ],
    "created_at": "2025-04-18T15:30:21.000000Z",
    "created_by": 317644,
    "updated_at": "2025-04-18T15:30:21.000000Z",
    "updated_by": null,
    "urls": {
      "view": "https://app.kanka.io/w/316191/entities/7557669",
      "api": "https://api.kanka.io/1.0/campaigns/316191/locations/1702915"
    },
    "location_id": 1702904,
    "is_destroyed": false
  },
  {
    "id": 1702916,
    "name": "Ikota Inseln",
    "entry": null,
    "entry_parsed": null,
    "tooltip": null,
    "type": "Schauplatz",
    "image": null,
    "focus_x": null,
    "focus_y": null,
    "image_full": "",
    "image_thumb": "https://d3a4xjr8r2ldhu.cloudfront.net/images/defaults/thumbnail.jpg",
    "has_custom_image": false,
    "image_uuid": null,
    "header_full": null,
    "header_uuid": null,
    "has_custom_header": false,
    "is_private": false,
    "is_template": false,
    "is_attributes_private": false,
    "entity_id": 7557670,
    "tags": [
      455239
    ],
    "created_at": "2025-04-18T15:30:38.000000Z",
    "created_by": 317644,
    "updated_at": "2025-04-18T15:30:38.000000Z",
    "updated_by": null,
    "urls": {
      "view": "https://app.kanka.io/w/316191/entities/7557670",
      "api": "https://api.kanka.io/1.0/campaigns/316191/locations/1702916"
    },
    "location_id": 1702904,
    "is_destroyed": false
  },
  {
    "id": 1703813,
    "name": "Reschal",
    "entry": "<p>Der Reschal ist der größte Fluss der großen Lande. Sein ursprünglicher Name ist Ursgal, was in der Tojd Sprache soviel bedeutet wie \"Fluss\". </p>",
    "entry_parsed": "<p>Der Reschal ist der größte Fluss der großen Lande. Sein ursprünglicher Name ist Ursgal, was in der Tojd Sprache soviel bedeutet wie \"Fluss\".&nbsp;</p>",
    "tooltip": null,
    "type": "Fluss",
    "image": null,
    "focus_x": null,
    "focus_y": null,
    "image_full": "",
    "image_thumb": "https://d3a4xjr8r2ldhu.cloudfront.net/images/defaults/thumbnail.jpg",
    "has_custom_image": false,
    "image_uuid": null,
    "header_full": null,
    "header_uuid": null,
    "has_custom_header": false,
    "is_private": false,
    "is_template": false,
    "is_attributes_private": false,
    "entity_id": 7561030,
    "tags": [],
    "created_at": "2025-04-19T14:30:48.000000Z",
    "created_by": 317644,
    "updated_at": "2025-04-19T14:30:48.000000Z",
    "updated_by": null,
    "urls": {
      "view": "https://app.kanka.io/w/316191/entities/7561030",
      "api": "https://api.kanka.io/1.0/campaigns/316191/locations/1703813"
    },
    "location_id": 1702904,
    "is_destroyed": false
  },
  {
    "id": 1721115,
    "name": "Turmstadt - Stadt",
    "entry": null,
    "entry_parsed": null,
    "tooltip": null,
    "type": "Stadt",
    "image": null,
    "focus_x": null,
    "focus_y": null,
    "image_full": "",
    "image_thumb": "https://d3a4xjr8r2ldhu.cloudfront.net/images/defaults/thumbnail.jpg",
    "has_custom_image": false,
    "image_uuid": null,
    "header_full": null,
    "header_uuid": null,
    "has_custom_header": false,
    "is_private": false,
    "is_template": false,
    "is_attributes_private": false,
    "entity_id": 7642061,
    "tags": [],
    "created_at": "2025-05-10T16:37:10.000000Z",
    "created_by": 317644,
    "updated_at": "2025-05-10T16:37:10.000000Z",
    "updated_by": null,
    "urls": {
      "view": "https://app.kanka.io/w/316191/entities/7642061",
      "api": "https://api.kanka.io/1.0/campaigns/316191/locations/1721115"
    },
    "location_id": 1702909,
    "is_destroyed": false
  },
  {
    "id": 1721116,
    "name": "Goldener Schlund &amp; Goldener Mund",
    "entry": null,
    "entry_parsed": null,
    "tooltip": null,
    "type": "Taverne",
    "image": null,
    "focus_x": null,
    "focus_y": null,
    "image_full": "",
    "image_thumb": "https://d3a4xjr8r2ldhu.cloudfront.net/images/defaults/thumbnail.jpg",
    "has_custom_image": false,
    "image_uuid": null,
    "header_full": null,
    "header_uuid": null,
    "has_custom_header": false,
    "is_private": false,
    "is_template": false,
    "is_attributes_private": false,
    "entity_id": 7642063,
    "tags": [],
    "created_at": "2025-05-10T16:37:35.000000Z",
    "created_by": 317644,
    "updated_at": "2025-05-10T16:37:35.000000Z",
    "updated_by": null,
    "urls": {
      "view": "https://app.kanka.io/w/316191/entities/7642063",
      "api": "https://api.kanka.io/1.0/campaigns/316191/locations/1721116"
    },
    "location_id": 1721115,
    "is_destroyed": false
  }
]