[
  {
    "id": 800777,
    "name": "Mensch",
    "entry": null,
    "entry_parsed": null,
    "tooltip": null,
    "type": "Mensch",
    "image": null,
    "focus_x": null,
    "focus_y": null,
    "image_full": "",
    "image_thumb": "https://d3a4xjr8r2ldhu.cloudfront.net/images/defaults/thumbnail.jpg",
    "has_custom_image": false,
    "image_uuid": null,
    "header_full": null,
    "header_uuid": null,
    "has_custom_header": false,
    "is_private": false,
    "is_template": false,
    "is_attributes_private": false,
    "entity_id": 7557805,
    "tags": [],
    "created_at": "2025-04-18T16:17:38.000000Z",
    "created_by": 317644,
    "updated_at": "2025-04-25T08:07:44.000000Z",
    "updated_by": 317644,
    "urls": {
      "view": "https://app.kanka.io/w/316191/entities/7557805",
      "api": "https://api.kanka.io/1.0/campaigns/316191/races/800777"
    },
    "race_id": null,
    "is_extinct": false,
    "locations": []
  },
  {
    "id": 800778,
    "name": "Caldrisch",
    "entry": "<p><span id=\"docs-internal-guid-0799cbdc-7fff-64f3-e812-01e1040bbabc\"><span style=\"font-size:11pt;font-family:Arial, sans-serif;color:rgb(0,0,0);background-color:transparent;\"> </span><span style=\"font-size:11pt;font-family:Arial, sans-serif;color:rgb(0,0,0);background-color:transparent;font-style:italic;\">Siedler, Eroberer, Tyrannen, Überlebende.</span><span style=\"font-size:11pt;font-family:Arial, sans-serif;color:rgb(0,0,0);background-color:transparent;font-style:italic;\"><br></span><span style=\"font-size:11pt;font-family:Arial, sans-serif;color:rgb(0,0,0);background-color:transparent;\"> Typischerweise helle Haut, braune bis blonde Haare, klare Gesichtszüge. Kleidung oft praktisch, mit militärischen oder höfischen Einflüssen. Die klassische Norm menschlicher Darstellung in Caldria.</span></span></p>",
    "entry_parsed": "<p><span id=\"docs-internal-guid-0799cbdc-7fff-64f3-e812-01e1040bbabc\"><span style=\"font-size:11pt;font-family:Arial, sans-serif;color:rgb(0,0,0);background-color:transparent;\">&nbsp;</span><span style=\"font-size:11pt;font-family:Arial, sans-serif;color:rgb(0,0,0);background-color:transparent;font-style:italic;\">Siedler, Eroberer, Tyrannen, Überlebende.</span><span style=\"font-size:11pt;font-family:Arial, sans-serif;color:rgb(0,0,0);background-color:transparent;font-style:italic;\"><br></span><span style=\"font-size:11pt;font-family:Arial, sans-serif;color:rgb(0,0,0);background-color:transparent;\"> Typischerweise helle Haut, braune bis blonde Haare, klare Gesichtszüge. Kleidung oft praktisch, mit militärischen oder höfischen Einflüssen. Die klassische Norm menschlicher Darstellung in Caldria.</span></span></p>",
    "tooltip": null,
    "type": null,
    "image": null,
    "focus_x": null,
    "focus_y": null,
    "image_full": "",
    "image_thumb": "https://d3a4xjr8r2ldhu.cloudfront.net/images/defaults/thumbnail.jpg",
    "has_custom_image": false,
    "image_uuid": null,
    "header_full": null,
    "header_uuid": null,
    "has_custom_header": false,
    "is_private": false,
    "is_template": false,
    "is_attributes_private": false,
    "entity_id": 7557812,
    "tags": [],
    "created_at": "2025-04-18T16:18:06.000000Z",
    "created_by": 317644,
    "updated_at": "2025-05-23T09:33:03.000000Z",
    "updated_by": 317644,
    "urls": {
      "view": "https://app.kanka.io/w/316191/entities/7557812",
      "api": "https://api.kanka.io/1.0/campaigns/316191/races/800778"
    },
    "race_id": 800777,
    "is_extinct": false,
    "locations": []
  },
  {
    "id": 800779,
    "name": "Thanenblut",
    "entry": "<p><span id=\"docs-internal-guid-3cd5189e-7fff-30cf-999d-2f215b5617c1\"><span style=\"font-size:11pt;font-family:Arial, sans-serif;color:rgb(0,0,0);background-color:transparent;\"> </span><span style=\"font-size:11pt;font-family:Arial, sans-serif;color:rgb(0,0,0);background-color:transparent;font-style:italic;\">Steht unerschüttert gegen Wind, Eis und Peitsche.</span><span style=\"font-size:11pt;font-family:Arial, sans-serif;color:rgb(0,0,0);background-color:transparent;font-style:italic;\"><br></span><span style=\"font-size:11pt;font-family:Arial, sans-serif;color:rgb(0,0,0);background-color:transparent;\"> Überragen meist zwei Meter Körpergröße, mit wuchtigem Knochenbau. Ihre helle Haut ist wettergegerbt, oft mit blonden oder rötlichen Haaren. In ihrer Präsenz liegt natürliche Autorität.</span></span></p>",
    "entry_parsed": "<p><span id=\"docs-internal-guid-3cd5189e-7fff-30cf-999d-2f215b5617c1\"><span style=\"font-size:11pt;font-family:Arial, sans-serif;color:rgb(0,0,0);background-color:transparent;\">&nbsp;</span><span style=\"font-size:11pt;font-family:Arial, sans-serif;color:rgb(0,0,0);background-color:transparent;font-style:italic;\">Steht unerschüttert gegen Wind, Eis und Peitsche.</span><span style=\"font-size:11pt;font-family:Arial, sans-serif;color:rgb(0,0,0);background-color:transparent;font-style:italic;\"><br></span><span style=\"font-size:11pt;font-family:Arial, sans-serif;color:rgb(0,0,0);background-color:transparent;\"> Überragen meist zwei Meter Körpergröße, mit wuchtigem Knochenbau. Ihre helle Haut ist wettergegerbt, oft mit blonden oder rötlichen Haaren. In ihrer Präsenz liegt natürliche Autorität.</span></span></p>",
    "tooltip": null,
    "type": null,
    "image": null,
    "focus_x": null,
    "focus_y": null,
    "image_full": "",
    "image_thumb": "https://d3a4xjr8r2ldhu.cloudfront.net/images/defaults/thumbnail.jpg",
    "has_custom_image": false,
    "image_uuid": null,
    "header_full": null,
    "header_uuid": null,
    "has_custom_header": false,
    "is_private": false,
    "is_template": false,
    "is_attributes_private": false,
    "entity_id": 7557813,
    "tags": [],
    "created_at": "2025-04-18T16:18:07.000000Z",
    "created_by": 317644,
    "updated_at": "2025-04-22T11:07:39.000000Z",
    "updated_by": 317644,
    "urls": {
      "view": "https://app.kanka.io/w/316191/entities/7557813",
      "api": "https://api.kanka.io/1.0/campaigns/316191/races/800779"
    },
    "race_id": 800777,
    "is_extinct": false,
    "locations": []
  },
  {
    "id": 800780,
    "name": "Todjblut",
    "entry": "<p><span id=\"docs-internal-guid-fd9682a2-7fff-c973-100d-36d372f574c2\"><span style=\"font-size:11pt;font-family:Arial, sans-serif;color:rgb(0,0,0);background-color:transparent;font-style:italic;\">Verbindet Tradition und neue Wege.</span><span style=\"font-size:11pt;font-family:Arial, sans-serif;color:rgb(0,0,0);background-color:transparent;font-style:italic;\"><br></span><span style=\"font-size:11pt;font-family:Arial, sans-serif;color:rgb(0,0,0);background-color:transparent;\"> Dunklere Hauttöne, breite Wangenknochen, mandelförmige Augen. Haar meist tiefschwarz, häufig zu Zöpfen geflochten. Ihre Kleidung zeigt oft Reitervolk-Einflüsse</span></span></p>",
    "entry_parsed": "<p><span id=\"docs-internal-guid-fd9682a2-7fff-c973-100d-36d372f574c2\"><span style=\"font-size:11pt;font-family:Arial, sans-serif;color:rgb(0,0,0);background-color:transparent;font-style:italic;\">Verbindet Tradition und neue Wege.</span><span style=\"font-size:11pt;font-family:Arial, sans-serif;color:rgb(0,0,0);background-color:transparent;font-style:italic;\"><br></span><span style=\"font-size:11pt;font-family:Arial, sans-serif;color:rgb(0,0,0);background-color:transparent;\"> Dunklere Hauttöne, breite Wangenknochen, mandelförmige Augen. Haar meist tiefschwarz, häufig zu Zöpfen geflochten. Ihre Kleidung zeigt oft Reitervolk-Einflüsse</span></span></p>",
    "tooltip": null,
    "type": null,
    "image": null,
    "focus_x": null,
    "focus_y": null,
    "image_full": "",
    "image_thumb": "https://d3a4xjr8r2ldhu.cloudfront.net/images/defaults/thumbnail.jpg",
    "has_custom_image": false,
    "image_uuid": null,
    "header_full": null,
    "header_uuid": null,
    "has_custom_header": false,
    "is_private": false,
    "is_template": false,
    "is_attributes_private": false,
    "entity_id": 7557814,
    "tags": [],
    "created_at": "2025-04-18T16:18:07.000000Z",
    "created_by": 317644,
    "updated_at": "2025-05-22T19:03:57.000000Z",
    "updated_by": 317644,
    "urls": {
      "view": "https://app.kanka.io/w/316191/entities/7557814",
      "api": "https://api.kanka.io/1.0/campaigns/316191/races/800780"
    },
    "race_id": 800777,
    "is_extinct": false,
    "locations": []
  },
  {
    "id": 800781,
    "name": "Ikotablut",
    "entry": "<p><span id=\"docs-internal-guid-bce792d5-7fff-e54b-77b7-ad8b2fee383c\"></span></p><p dir=\"ltr\"><span style=\"font-size:11pt;font-family:Arial, sans-serif;color:rgb(0,0,0);background-color:transparent;font-weight:400;text-decoration:none;\">Vertrieben aus der Heimat</span><span style=\"font-size:11pt;font-family:Arial, sans-serif;color:#000000;background-color:transparent;font-weight:400;font-style:italic;text-decoration:none;\">.</span><span style=\"font-size:11pt;font-family:Arial, sans-serif;color:#000000;background-color:transparent;font-weight:400;font-style:italic;text-decoration:none;\"><br></span><span style=\"font-size:11pt;font-family:Arial, sans-serif;color:#000000;background-color:transparent;font-weight:400;font-style:normal;text-decoration:none;\"> Feine Gesichtszüge, gerade, dunkle Haare, blasse bis goldbraune Haut. Ikotablüter*innen wirken oft ruhig und bedacht – wie eine lebende Statue. Ihre Kleidung folgt oft einem eleganten, fast zeremoniellen Stil.</span></p><p dir=\"ltr\"><span style=\"font-size:11pt;font-family:Arial, sans-serif;color:#000000;background-color:transparent;font-weight:400;font-style:normal;text-decoration:none;\"><br></span></p><p dir=\"ltr\"><span style=\"font-size:11pt;font-family:Arial, sans-serif;color:#000000;background-color:transparent;font-weight:400;font-style:normal;text-decoration:none;\"><br></span></p>",
    "entry_parsed": "<p><span id=\"docs-internal-guid-bce792d5-7fff-e54b-77b7-ad8b2fee383c\"></span></p><p dir=\"ltr\"><span style=\"font-size:11pt;font-family:Arial, sans-serif;color:rgb(0,0,0);background-color:transparent;font-weight:400;text-decoration:none;\">Vertrieben aus der Heimat</span><span style=\"font-size:11pt;font-family:Arial, sans-serif;color:#000000;background-color:transparent;font-weight:400;font-style:italic;text-decoration:none;\">.</span><span style=\"font-size:11pt;font-family:Arial, sans-serif;color:#000000;background-color:transparent;font-weight:400;font-style:italic;text-decoration:none;\"><br></span><span style=\"font-size:11pt;font-family:Arial, sans-serif;color:#000000;background-color:transparent;font-weight:400;font-style:normal;text-decoration:none;\"> Feine Gesichtszüge, gerade, dunkle Haare, blasse bis goldbraune Haut. Ikotablüter*innen wirken oft ruhig und bedacht – wie eine lebende Statue. Ihre Kleidung folgt oft einem eleganten, fast zeremoniellen Stil.</span></p><p dir=\"ltr\"><span style=\"font-size:11pt;font-family:Arial, sans-serif;color:#000000;background-color:transparent;font-weight:400;font-style:normal;text-decoration:none;\"><br></span></p><p dir=\"ltr\"><span style=\"font-size:11pt;font-family:Arial, sans-serif;color:#000000;background-color:transparent;font-weight:400;font-style:normal;text-decoration:none;\"><br></span></p>",
    "tooltip": null,
    "type": null,
    "image": null,
    "focus_x": null,
    "focus_y": null,
    "image_full": "",
    "image_thumb": "https://d3a4xjr8r2ldhu.cloudfront.net/images/defaults/thumbnail.jpg",
    "has_custom_image": false,
    "image_uuid": null,
    "header_full": null,
    "header_uuid": null,
    "has_custom_header": false,
    "is_private": false,
    "is_template": false,
    "is_attributes_private": false,
    "entity_id": 7557815,
    "tags": [],
    "created_at": "2025-04-18T16:18:07.000000Z",
    "created_by": 317644,
    "updated_at": "2025-05-23T09:49:19.000000Z",
    "updated_by": 317644,
    "urls": {
      "view": "https://app.kanka.io/w/316191/entities/7557815",
      "api": "https://api.kanka.io/1.0/campaigns/316191/races/800781"
    },
    "race_id": 800777,
    "is_extinct": false,
    "locations": []
  },
  {
    "id": 800782,
    "name": "Karimblut",
    "entry": "<p><span id=\"docs-internal-guid-cfa4d27c-7fff-8144-e167-4336c3781c46\"></span></p><p dir=\"ltr\"><span style=\"font-size:11pt;font-family:Arial, sans-serif;color:#000000;background-color:transparent;font-weight:400;font-style:italic;text-decoration:none;\">Gewappnet gegen die Sonne mit stolzer Brust.<br></span><span style=\"font-size:11pt;font-family:Arial, sans-serif;color:#000000;background-color:transparent;font-weight:400;font-style:normal;text-decoration:none;\"> Dunkle Haut, krauses Haar, kräftige Statur. Ihre Augen glänzen häufig in warmen Gold- oder Bernsteintönen. Tragen farbenfrohe Gewänder, oft mit eingestickten Symbolen ihrer Ahnen.</span></p>",
    "entry_parsed": "<p><span id=\"docs-internal-guid-cfa4d27c-7fff-8144-e167-4336c3781c46\"></span></p><p dir=\"ltr\"><span style=\"font-size:11pt;font-family:Arial, sans-serif;color:#000000;background-color:transparent;font-weight:400;font-style:italic;text-decoration:none;\">Gewappnet gegen die Sonne mit stolzer Brust.<br></span><span style=\"font-size:11pt;font-family:Arial, sans-serif;color:#000000;background-color:transparent;font-weight:400;font-style:normal;text-decoration:none;\"> Dunkle Haut, krauses Haar, kräftige Statur. Ihre Augen glänzen häufig in warmen Gold- oder Bernsteintönen. Tragen farbenfrohe Gewänder, oft mit eingestickten Symbolen ihrer Ahnen.</span></p>",
    "tooltip": null,
    "type": null,
    "image": null,
    "focus_x": null,
    "focus_y": null,
    "image_full": "",
    "image_thumb": "https://d3a4xjr8r2ldhu.cloudfront.net/images/defaults/thumbnail.jpg",
    "has_custom_image": false,
    "image_uuid": null,
    "header_full": null,
    "header_uuid": null,
    "has_custom_header": false,
    "is_private": false,
    "is_template": false,
    "is_attributes_private": false,
    "entity_id": 7557816,
    "tags": [],
    "created_at": "2025-04-18T16:18:07.000000Z",
    "created_by": 317644,
    "updated_at": "2025-04-22T11:05:43.000000Z",
    "updated_by": 317644,
    "urls": {
      "view": "https://app.kanka.io/w/316191/entities/7557816",
      "api": "https://api.kanka.io/1.0/campaigns/316191/races/800782"
    },
    "race_id": 800777,
    "is_extinct": false,
    "locations": []
  },
  {
    "id": 800783,
    "name": "Feenblut",
    "entry": null,
    "entry_parsed": null,
    "tooltip": null,
    "type": "Fee",
    "image": null,
    "focus_x": null,
    "focus_y": null,
    "image_full": "",
    "image_thumb": "https://d3a4xjr8r2ldhu.cloudfront.net/images/defaults/thumbnail.jpg",
    "has_custom_image": false,
    "image_uuid": null,
    "header_full": null,
    "header_uuid": null,
    "has_custom_header": false,
    "is_private": false,
    "is_template": false,
    "is_attributes_private": false,
    "entity_id": 7557824,
    "tags": [],
    "created_at": "2025-04-18T16:18:37.000000Z",
    "created_by": 317644,
    "updated_at": "2025-04-25T08:08:07.000000Z",
    "updated_by": 317644,
    "urls": {
      "view": "https://app.kanka.io/w/316191/entities/7557824",
      "api": "https://api.kanka.io/1.0/campaigns/316191/races/800783"
    },
    "race_id": null,
    "is_extinct": false,
    "locations": []
  },
  {
    "id": 800785,
    "name": "Zwerg",
    "entry": "<p><span id=\"docs-internal-guid-f4c0b37d-7fff-d13b-a6ea-a2dafd5500b2\"></span></p><p dir=\"ltr\"><span style=\"font-size:11pt;font-family:Arial, sans-serif;color:#000000;background-color:transparent;font-weight:400;font-style:normal;text-decoration:none;\"> </span><span style=\"font-size:11pt;font-family:Arial, sans-serif;color:#000000;background-color:transparent;font-weight:400;font-style:italic;text-decoration:none;\">Klein, robust, fast unerschütterlich.</span><span style=\"font-size:11pt;font-family:Arial, sans-serif;color:#000000;background-color:transparent;font-weight:400;font-style:italic;text-decoration:none;\"><br></span><span style=\"font-size:11pt;font-family:Arial, sans-serif;color:#000000;background-color:transparent;font-weight:400;font-style:normal;text-decoration:none;\"> Körpergröße kaum über 1,5 m, extrem breitschultrig und muskulös. Haut oft von der Sonne gegerbt oder von Bergstaub gefärbt. Bartwuchs schon bei Frauen nicht unüblich.</span></p>",
    "entry_parsed": "<p><span id=\"docs-internal-guid-f4c0b37d-7fff-d13b-a6ea-a2dafd5500b2\"></span></p><p dir=\"ltr\"><span style=\"font-size:11pt;font-family:Arial, sans-serif;color:#000000;background-color:transparent;font-weight:400;font-style:normal;text-decoration:none;\">&nbsp;</span><span style=\"font-size:11pt;font-family:Arial, sans-serif;color:#000000;background-color:transparent;font-weight:400;font-style:italic;text-decoration:none;\">Klein, robust, fast unerschütterlich.</span><span style=\"font-size:11pt;font-family:Arial, sans-serif;color:#000000;background-color:transparent;font-weight:400;font-style:italic;text-decoration:none;\"><br></span><span style=\"font-size:11pt;font-family:Arial, sans-serif;color:#000000;background-color:transparent;font-weight:400;font-style:normal;text-decoration:none;\"> Körpergröße kaum über 1,5 m, extrem breitschultrig und muskulös. Haut oft von der Sonne gegerbt oder von Bergstaub gefärbt. Bartwuchs schon bei Frauen nicht unüblich.</span></p>",
    "tooltip": null,
    "type": null,
    "image": null,
    "focus_x": null,
    "focus_y": null,
    "image_full": "",
    "image_thumb": "https://d3a4xjr8r2ldhu.cloudfront.net/images/defaults/thumbnail.jpg",
    "has_custom_image": false,
    "image_uuid": null,
    "header_full": null,
    "header_uuid": null,
    "has_custom_header": false,
    "is_private": false,
    "is_template": false,
    "is_attributes_private": false,
    "entity_id": 7557826,
    "tags": [],
    "created_at": "2025-04-18T16:18:52.000000Z",
    "created_by": 317644,
    "updated_at": "2025-04-22T11:10:06.000000Z",
    "updated_by": 317644,
    "urls": {
      "view": "https://app.kanka.io/w/316191/entities/7557826",
      "api": "https://api.kanka.io/1.0/campaigns/316191/races/800785"
    },
    "race_id": 800783,
    "is_extinct": false,
    "locations": []
  },
  {
    "id": 800786,
    "name": "Elf",
    "entry": "<p><span id=\"docs-internal-guid-92dd0437-7fff-794b-22c1-2f2f61a4b0a5\"></span></p><p dir=\"ltr\"><span style=\"font-size:11pt;font-family:Arial, sans-serif;color:#000000;background-color:transparent;font-weight:400;font-style:normal;text-decoration:none;\"> </span><span style=\"font-size:11pt;font-family:Arial, sans-serif;color:#000000;background-color:transparent;font-weight:400;font-style:italic;text-decoration:none;\">Elegant, fast überirdisch schön.</span><span style=\"font-size:11pt;font-family:Arial, sans-serif;color:#000000;background-color:transparent;font-weight:400;font-style:italic;text-decoration:none;\"><br></span><span style=\"font-size:11pt;font-family:Arial, sans-serif;color:#000000;background-color:transparent;font-weight:400;font-style:normal;text-decoration:none;\"> Spitze Ohren, feine Gesichtszüge, makellose Haut. Augen scheinen leicht zu schimmern, Haare oft seidig und in ungewöhnlichen Farben. Ihre Bewegungen erinnern an einen Tanz.</span></p>",
    "entry_parsed": "<p><span id=\"docs-internal-guid-92dd0437-7fff-794b-22c1-2f2f61a4b0a5\"></span></p><p dir=\"ltr\"><span style=\"font-size:11pt;font-family:Arial, sans-serif;color:#000000;background-color:transparent;font-weight:400;font-style:normal;text-decoration:none;\">&nbsp;</span><span style=\"font-size:11pt;font-family:Arial, sans-serif;color:#000000;background-color:transparent;font-weight:400;font-style:italic;text-decoration:none;\">Elegant, fast überirdisch schön.</span><span style=\"font-size:11pt;font-family:Arial, sans-serif;color:#000000;background-color:transparent;font-weight:400;font-style:italic;text-decoration:none;\"><br></span><span style=\"font-size:11pt;font-family:Arial, sans-serif;color:#000000;background-color:transparent;font-weight:400;font-style:normal;text-decoration:none;\"> Spitze Ohren, feine Gesichtszüge, makellose Haut. Augen scheinen leicht zu schimmern, Haare oft seidig und in ungewöhnlichen Farben. Ihre Bewegungen erinnern an einen Tanz.</span></p>",
    "tooltip": null,
    "type": null,
    "image": null,
    "focus_x": null,
    "focus_y": null,
    "image_full": "",
    "image_thumb": "https://d3a4xjr8r2ldhu.cloudfront.net/images/defaults/thumbnail.jpg",
    "has_custom_image": false,
    "image_uuid": null,
    "header_full": null,
    "header_uuid": null,
    "has_custom_header": false,
    "is_private": false,
    "is_template": false,
    "is_attributes_private": false,
    "entity_id": 7557827,
    "tags": [],
    "created_at": "2025-04-18T16:18:52.000000Z",
    "created_by": 317644,
    "updated_at": "2025-04-22T11:12:59.000000Z",
    "updated_by": 317644,
    "urls": {
      "view": "https://app.kanka.io/w/316191/entities/7557827",
      "api": "https://api.kanka.io/1.0/campaigns/316191/races/800786"
    },
    "race_id": 800783,
    "is_extinct": false,
    "locations": []
  },
  {
    "id": 800787,
    "name": "Frostling",
    "entry": "<p><span id=\"docs-internal-guid-39e57791-7fff-3aca-5cf9-0824ddd2d79b\"></span></p><p dir=\"ltr\"><span style=\"font-size:11pt;font-family:Arial, sans-serif;color:#000000;background-color:transparent;font-weight:400;font-style:italic;text-decoration:none;\">Hauertragend und eisgeboren.</span><span style=\"font-size:11pt;font-family:Arial, sans-serif;color:#000000;background-color:transparent;font-weight:400;font-style:italic;text-decoration:none;\"><br></span><span style=\"font-size:11pt;font-family:Arial, sans-serif;color:#000000;background-color:transparent;font-weight:400;font-style:normal;text-decoration:none;\"> Bläuliche bis graue Haut, Augen wie gefrorenes Wasser, kleine Stoßzähne aus dem Unterkiefer. Ihre Körper sind kräftig, ihre Präsenz einschüchternd. Frostlingshaut wirkt oft von Kälte gesegnet – oder verflucht.</span></p>",
    "entry_parsed": "<p><span id=\"docs-internal-guid-39e57791-7fff-3aca-5cf9-0824ddd2d79b\"></span></p><p dir=\"ltr\"><span style=\"font-size:11pt;font-family:Arial, sans-serif;color:#000000;background-color:transparent;font-weight:400;font-style:italic;text-decoration:none;\">Hauertragend und eisgeboren.</span><span style=\"font-size:11pt;font-family:Arial, sans-serif;color:#000000;background-color:transparent;font-weight:400;font-style:italic;text-decoration:none;\"><br></span><span style=\"font-size:11pt;font-family:Arial, sans-serif;color:#000000;background-color:transparent;font-weight:400;font-style:normal;text-decoration:none;\"> Bläuliche bis graue Haut, Augen wie gefrorenes Wasser, kleine Stoßzähne aus dem Unterkiefer. Ihre Körper sind kräftig, ihre Präsenz einschüchternd. Frostlingshaut wirkt oft von Kälte gesegnet – oder verflucht.</span></p>",
    "tooltip": null,
    "type": null,
    "image": null,
    "focus_x": null,
    "focus_y": null,
    "image_full": "",
    "image_thumb": "https://d3a4xjr8r2ldhu.cloudfront.net/images/defaults/thumbnail.jpg",
    "has_custom_image": false,
    "image_uuid": null,
    "header_full": null,
    "header_uuid": null,
    "has_custom_header": false,
    "is_private": false,
    "is_template": false,
    "is_attributes_private": false,
    "entity_id": 7557828,
    "tags": [],
    "created_at": "2025-04-18T16:18:52.000000Z",
    "created_by": 317644,
    "updated_at": "2025-04-22T11:09:50.000000Z",
    "updated_by": 317644,
    "urls": {
      "view": "https://app.kanka.io/w/316191/entities/7557828",
      "api": "https://api.kanka.io/1.0/campaigns/316191/races/800787"
    },
    "race_id": 800783,
    "is_extinct": false,
    "locations": []
  },
  {
    "id": 800788,
    "name": "Grünling",
    "entry": "<p><span id=\"docs-internal-guid-ff4aff32-7fff-b211-d310-7ec9ab6c1d8e\"></span></p><p dir=\"ltr\"><span style=\"font-size:11pt;font-family:Arial, sans-serif;color:#000000;background-color:transparent;font-weight:400;font-style:italic;text-decoration:none;\">Wild, klein, listig.</span><span style=\"font-size:11pt;font-family:Arial, sans-serif;color:#000000;background-color:transparent;font-weight:400;font-style:italic;text-decoration:none;\"><br></span><span style=\"font-size:11pt;font-family:Arial, sans-serif;color:#000000;background-color:transparent;font-weight:400;font-style:normal;text-decoration:none;\"> Grünliche Haut, große gelbe Augen, oft kleiner Wuchs. Ihre Gliedmaßen sind lang und dünn, ihre Bewegungen flink und nervös. Kleidung meist aus improvisierten Materialien.</span></p>",
    "entry_parsed": "<p><span id=\"docs-internal-guid-ff4aff32-7fff-b211-d310-7ec9ab6c1d8e\"></span></p><p dir=\"ltr\"><span style=\"font-size:11pt;font-family:Arial, sans-serif;color:#000000;background-color:transparent;font-weight:400;font-style:italic;text-decoration:none;\">Wild, klein, listig.</span><span style=\"font-size:11pt;font-family:Arial, sans-serif;color:#000000;background-color:transparent;font-weight:400;font-style:italic;text-decoration:none;\"><br></span><span style=\"font-size:11pt;font-family:Arial, sans-serif;color:#000000;background-color:transparent;font-weight:400;font-style:normal;text-decoration:none;\"> Grünliche Haut, große gelbe Augen, oft kleiner Wuchs. Ihre Gliedmaßen sind lang und dünn, ihre Bewegungen flink und nervös. Kleidung meist aus improvisierten Materialien.</span></p>",
    "tooltip": null,
    "type": null,
    "image": null,
    "focus_x": null,
    "focus_y": null,
    "image_full": "",
    "image_thumb": "https://d3a4xjr8r2ldhu.cloudfront.net/images/defaults/thumbnail.jpg",
    "has_custom_image": false,
    "image_uuid": null,
    "header_full": null,
    "header_uuid": null,
    "has_custom_header": false,
    "is_private": false,
    "is_template": false,
    "is_attributes_private": false,
    "entity_id": 7557829,
    "tags": [],
    "created_at": "2025-04-18T16:18:52.000000Z",
    "created_by": 317644,
    "updated_at": "2025-04-22T11:09:57.000000Z",
    "updated_by": 317644,
    "urls": {
      "view": "https://app.kanka.io/w/316191/entities/7557829",
      "api": "https://api.kanka.io/1.0/campaigns/316191/races/800788"
    },
    "race_id": 800783,
    "is_extinct": false,
    "locations": []
  },
  {
    "id": 800789,
    "name": "Avist",
    "entry": "<p><span id=\"docs-internal-guid-1213c52c-7fff-085b-7f60-4bd6e40482be\"></span></p><p dir=\"ltr\"><span style=\"font-size:11pt;font-family:Arial, sans-serif;color:#000000;background-color:transparent;font-weight:400;font-style:normal;text-decoration:none;\"> </span><span style=\"font-size:11pt;font-family:Arial, sans-serif;color:#000000;background-color:transparent;font-weight:400;font-style:italic;text-decoration:none;\">Dämonisch anmutend – doch oft missverstanden.</span><span style=\"font-size:11pt;font-family:Arial, sans-serif;color:#000000;background-color:transparent;font-weight:400;font-style:italic;text-decoration:none;\"><br></span><span style=\"font-size:11pt;font-family:Arial, sans-serif;color:#000000;background-color:transparent;font-weight:400;font-style:normal;text-decoration:none;\"> Werden mit Hörnern geboren – klein und knöchern oder stolz geschwungen. Hautfarben reichen von aschgrau bis purpurn. Augen oft rot oder golden. </span></p>",
    "entry_parsed": "<p><span id=\"docs-internal-guid-1213c52c-7fff-085b-7f60-4bd6e40482be\"></span></p><p dir=\"ltr\"><span style=\"font-size:11pt;font-family:Arial, sans-serif;color:#000000;background-color:transparent;font-weight:400;font-style:normal;text-decoration:none;\">&nbsp;</span><span style=\"font-size:11pt;font-family:Arial, sans-serif;color:#000000;background-color:transparent;font-weight:400;font-style:italic;text-decoration:none;\">Dämonisch anmutend – doch oft missverstanden.</span><span style=\"font-size:11pt;font-family:Arial, sans-serif;color:#000000;background-color:transparent;font-weight:400;font-style:italic;text-decoration:none;\"><br></span><span style=\"font-size:11pt;font-family:Arial, sans-serif;color:#000000;background-color:transparent;font-weight:400;font-style:normal;text-decoration:none;\"> Werden mit Hörnern geboren – klein und knöchern oder stolz geschwungen. Hautfarben reichen von aschgrau bis purpurn. Augen oft rot oder golden.&nbsp;</span></p>",
    "tooltip": null,
    "type": null,
    "image": null,
    "focus_x": null,
    "focus_y": null,
    "image_full": "",
    "image_thumb": "https://d3a4xjr8r2ldhu.cloudfront.net/images/defaults/thumbnail.jpg",
    "has_custom_image": false,
    "image_uuid": null,
    "header_full": null,
    "header_uuid": null,
    "has_custom_header": false,
    "is_private": false,
    "is_template": false,
    "is_attributes_private": false,
    "entity_id": 7557830,
    "tags": [],
    "created_at": "2025-04-18T16:18:52.000000Z",
    "created_by": 317644,
    "updated_at": "2025-04-22T11:03:45.000000Z",
    "updated_by": 317644,
    "urls": {
      "view": "https://app.kanka.io/w/316191/entities/7557830",
      "api": "https://api.kanka.io/1.0/campaigns/316191/races/800789"
    },
    "race_id": 800783,
    "is_extinct": false,
    "locations": []
  }
]