[
  {
    "id": 455239,
    "name": "Schauplatz",
    "entry": null,
    "entry_parsed": null,
    "tooltip": null,
    "type": null,
    "image": null,
    "focus_x": null,
    "focus_y": null,
    "image_full": "",
    "image_thumb": "https://d3a4xjr8r2ldhu.cloudfront.net/images/defaults/thumbnail.jpg",
    "has_custom_image": false,
    "image_uuid": null,
    "header_full": null,
    "header_uuid": null,
    "has_custom_header": false,
    "is_private": false,
    "is_template": false,
    "is_attributes_private": false,
    "entity_id": 7557651,
    "tags": [],
    "created_at": "2025-04-18T15:26:38.000000Z",
    "created_by": 317644,
    "updated_at": "2025-04-18T15:26:38.000000Z",
    "updated_by": null,
    "urls": {
      "view": "https://app.kanka.io/w/316191/entities/7557651",
      "api": "https://api.kanka.io/1.0/campaigns/316191/tags/455239"
    },
    "tag_id": null,
    "colour": null,
    "entities": [
      7557652,
      7557654,
      7557655,
      7557658,
      7557659,
      7557660,
      7557662,
      7557663,
      7557667,
      7557669,
      7557670,
      7557650
    ],
    "is_auto_applied": false,
    "is_hidden": false
  },
  {
    "id": 455247,
    "name": "Thronanwärter",
    "entry": null,
    "entry_parsed": null,
    "tooltip": null,
    "type": null,
    "image": null,
    "focus_x": null,
    "focus_y": null,
    "image_full": "",
    "image_thumb": "https://d3a4xjr8r2ldhu.cloudfront.net/images/defaults/thumbnail.jpg",
    "has_custom_image": false,
    "image_uuid": null,
    "header_full": null,
    "header_uuid": null,
    "has_custom_header": false,
    "is_private": false,
    "is_template": false,
    "is_attributes_private": false,
    "entity_id": 7557761,
    "tags": [],
    "created_at": "2025-04-18T15:54:00.000000Z",
    "created_by": 317644,
    "updated_at": "2025-04-18T15:54:00.000000Z",
    "updated_by": null,
    "urls": {
      "view": "https://app.kanka.io/w/316191/entities/7557761",
      "api": "https://api.kanka.io/1.0/campaigns/316191/tags/455247"
    },
    "tag_id": null,
    "colour": null,
    "entities": [
      7557762,
      7557764,
      7557765,
      7612413
    ],
    "is_auto_applied": false,
    "is_hidden": false
  },
  {
    "id": 458093,
    "name": "Der Nekromant",
    "entry": null,
    "entry_parsed": null,
    "tooltip": null,
    "type": null,
    "image": null,
    "focus_x": null,
    "focus_y": null,
    "image_full": "",
    "image_thumb": "https://d3a4xjr8r2ldhu.cloudfront.net/images/defaults/thumbnail.jpg",
    "has_custom_image": false,
    "image_uuid": null,
    "header_full": null,
    "header_uuid": null,
    "has_custom_header": false,
    "is_private": false,
    "is_template": false,
    "is_attributes_private": false,
    "entity_id": 7612415,
    "tags": [],
    "created_at": "2025-05-03T05:26:39.000000Z",
    "created_by": 317644,
    "updated_at": "2025-05-03T05:26:39.000000Z",
    "updated_by": null,
    "urls": {
      "view": "https://app.kanka.io/w/316191/entities/7612415",
      "api": "https://api.kanka.io/1.0/campaigns/316191/tags/458093"
    },
    "tag_id": null,
    "colour": null,
    "entities": [
      7612414
    ],
    "is_auto_applied": false,
    "is_hidden": false
  },
  {
    "id": 458094,
    "name": "Dracheninvasion",
    "entry": null,
    "entry_parsed": null,
    "tooltip": null,
    "type": null,
    "image": null,
    "focus_x": null,
    "focus_y": null,
    "image_full": "",
    "image_thumb": "https://d3a4xjr8r2ldhu.cloudfront.net/images/defaults/thumbnail.jpg",
    "has_custom_image": false,
    "image_uuid": null,
    "header_full": null,
    "header_uuid": null,
    "has_custom_header": false,
    "is_private": false,
    "is_template": false,
    "is_attributes_private": false,
    "entity_id": 7612417,
    "tags": [],
    "created_at": "2025-05-03T05:27:43.000000Z",
    "created_by": 317644,
    "updated_at": "2025-05-03T05:27:43.000000Z",
    "updated_by": null,
    "urls": {
      "view": "https://app.kanka.io/w/316191/entities/7612417",
      "api": "https://api.kanka.io/1.0/campaigns/316191/tags/458094"
    },
    "tag_id": null,
    "colour": null,
    "entities": [
      7612416,
      7660846
    ],
    "is_auto_applied": false,
    "is_hidden": false
  },
  {
    "id": 458095,
    "name": "Ikotarebellion",
    "entry": null,
    "entry_parsed": null,
    "tooltip": null,
    "type": null,
    "image": null,
    "focus_x": null,
    "focus_y": null,
    "image_full": "",
    "image_thumb": "https://d3a4xjr8r2ldhu.cloudfront.net/images/defaults/thumbnail.jpg",
    "has_custom_image": false,
    "image_uuid": null,
    "header_full": null,
    "header_uuid": null,
    "has_custom_header": false,
    "is_private": false,
    "is_template": false,
    "is_attributes_private": false,
    "entity_id": 7612419,
    "tags": [],
    "created_at": "2025-05-03T05:28:21.000000Z",
    "created_by": 317644,
    "updated_at": "2025-05-03T05:28:21.000000Z",
    "updated_by": null,
    "urls": {
      "view": "https://app.kanka.io/w/316191/entities/7612419",
      "api": "https://api.kanka.io/1.0/campaigns/316191/tags/458095"
    },
    "tag_id": null,
    "colour": null,
    "entities": [
      7612418
    ],
    "is_auto_applied": false,
    "is_hidden": false
  },
  {
    "id": 458096,
    "name": "Feen in Waldficht",
    "entry": null,
    "entry_parsed": null,
    "tooltip": null,
    "type": null,
    "image": null,
    "focus_x": null,
    "focus_y": null,
    "image_full": "",
    "image_thumb": "https://d3a4xjr8r2ldhu.cloudfront.net/images/defaults/thumbnail.jpg",
    "has_custom_image": false,
    "image_uuid": null,
    "header_full": null,
    "header_uuid": null,
    "has_custom_header": false,
    "is_private": false,
    "is_template": false,
    "is_attributes_private": false,
    "entity_id": 7612421,
    "tags": [],
    "created_at": "2025-05-03T05:29:04.000000Z",
    "created_by": 317644,
    "updated_at": "2025-05-03T05:29:04.000000Z",
    "updated_by": null,
    "urls": {
      "view": "https://app.kanka.io/w/316191/entities/7612421",
      "api": "https://api.kanka.io/1.0/campaigns/316191/tags/458096"
    },
    "tag_id": null,
    "colour": null,
    "entities": [
      7612420
    ],
    "is_auto_applied": false,
    "is_hidden": false
  },
  {
    "id": 458097,
    "name": "Fall der Kirche",
    "entry": null,
    "entry_parsed": null,
    "tooltip": null,
    "type": null,
    "image": null,
    "focus_x": null,
    "focus_y": null,
    "image_full": "",
    "image_thumb": "https://d3a4xjr8r2ldhu.cloudfront.net/images/defaults/thumbnail.jpg",
    "has_custom_image": false,
    "image_uuid": null,
    "header_full": null,
    "header_uuid": null,
    "has_custom_header": false,
    "is_private": false,
    "is_template": false,
    "is_attributes_private": false,
    "entity_id": 7612424,
    "tags": [],
    "created_at": "2025-05-03T05:29:33.000000Z",
    "created_by": 317644,
    "updated_at": "2025-05-03T05:29:33.000000Z",
    "updated_by": null,
    "urls": {
      "view": "https://app.kanka.io/w/316191/entities/7612424",
      "api": "https://api.kanka.io/1.0/campaigns/316191/tags/458097"
    },
    "tag_id": null,
    "colour": null,
    "entities": [
      7612423
    ],
    "is_auto_applied": false,
    "is_hidden": false
  },
  {
    "id": 458136,
    "name": "Spielercharakter",
    "entry": null,
    "entry_parsed": null,
    "tooltip": null,
    "type": null,
    "image": null,
    "focus_x": null,
    "focus_y": null,
    "image_full": "",
    "image_thumb": "https://d3a4xjr8r2ldhu.cloudfront.net/images/defaults/thumbnail.jpg",
    "has_custom_image": false,
    "image_uuid": null,
    "header_full": null,
    "header_uuid": null,
    "has_custom_header": false,
    "is_private": false,
    "is_template": false,
    "is_attributes_private": false,
    "entity_id": 7613012,
    "tags": [],
    "created_at": "2025-05-03T12:41:44.000000Z",
    "created_by": 317644,
    "updated_at": "2025-05-03T12:41:44.000000Z",
    "updated_by": null,
    "urls": {
      "view": "https://app.kanka.io/w/316191/entities/7613012",
      "api": "https://api.kanka.io/1.0/campaigns/316191/tags/458136"
    },
    "tag_id": null,
    "colour": null,
    "entities": [
      7613011,
      7613016
    ],
    "is_auto_applied": false,
    "is_hidden": false
  }
]